id	band	class	kbin	mode	Np	N	labels	S_over_smin	sq_obs	E_sq	w_rec	sq_rec	E_sq_rec	S_obs	E_S_cond	P_obs	E_P_cond	SP_obs	E_SP_found	E_SP_cond	spS_obs	E_spS	spP_obs	E_spP	magic	sp_stream	cpu	cpu_pred	t_plain_whole	tp	tp_ratio	tp_anch	t_dfirst_whole	td	r	magic_sum	dens	dw
R001	6-12k	sorted	k=6	plain	7,060	7198	184	1.12	89	68.8	1	89	68.8	56	43.2	10	9.74	0	0.0202	0.0261	0	0.000204	0	4.59e-05	0	0	169	278	169	135	278	278	None	196	0.705	6.6e-08	2.37e-10	0.0407
R002	3-6k	sorted	k<=5	plain	3,244	3284	126	1.18	24	26.1	1	24	26.1	13	17.6	7	7.04	0	0.0266	0.0244	0	0.000407	0	0.000162	0	0	10.3	9.1	10.3	8.66	11.1	9	None	12.1	1.09	2.96e-07	3.29e-08	0.00344
R003	12-24k	r<=1.1	k>=7	dfirst	16,975	17765	242	1.11	888	936	37	24	25.3	222	320	74	36.2	0	0.00493	0.00468	0	3.71e-05	0	4.18e-06	0	0	366	567	7,281	11,044	10,522	10,522	2,700	4,515	0.429	7.38e-08	1.63e-11	0.137
R004	24-45k	r<=1.1	k>=7	dfirst	31,770	31919	317	1.59	236	498	236	1	2.11	0	68.1	0	6.83	0	3.76e-05	1.78e-05	0	2.26e-07	0	2.26e-08	0	0	225	718	45,558	289,092	141,132	141,132	11,084	42,471	0.301	3.83e-09	9.01e-14	0.199
R005	3-6k	sorted	k<=5	plain	5,409	5429	148	1.45	109	106	1	109	106	55	71	22	25.7	0	0.056	0.0576	0	0.000759	0	0.000274	0	0	89.4	92.4	89.4	89.2	92.3	92.3	None	75.6	0.82	3.19e-07	3.45e-09	0.00344
R006	3-6k	sorted	k<=5	plain	3,464	3466	148	1.07	2	2.71	1	2	2.71	2	0.62	1	0.487	0	0.00145	0.00107	0	9.34e-06	0	7.32e-06	0	0	5.01	8	5.01	6.22	14.6	7.9	None	15.4	1.05	8.6e-09	1.09e-09	0.00344
R007	3-6k	sorted	k=6	plain	5,049	5121	166	1.17	16	15.6	1	16	15.6	19	11.1	5	1.74	0	0.00569	0.00583	0	8.2e-05	0	1.29e-05	0	0	32.5	69.4	32.5	32.4	69.3	69.3	None	59.1	0.852	2.34e-08	3.38e-10	0.00351
R008	3-6k	r>1.1	k=6	plain	3,217	3138	154	1.07	0	1.19	1	0	1.19	0	0	0	0	0	0.00047	0	0	3.73e-06	0	1.43e-06	0	0	2.08	4.44	2.08	3.76	10.7	4.34	None	11.8	1.1	2.01e-09	4.63e-10	0.00344
R009	3-6k	sorted	k<=5	plain	3,825	3798	130	1.32	57	53	1	57	53	44	47.8	11	15.4	0	0.0459	0.0494	0	0.000801	0	0.000257	0	0	18.6	21.7	18.6	21.2	22	21.6	None	21.9	0.997	4.35e-07	2.02e-08	0.00344
R010	3-6k	r<=1.1	k=6	plain	5,838	5555	167	1.11	23	65.5	1	23	65.5	11	12.3	2	2.83	0	0.0251	0.00879	0	0.000279	0	6.39e-05	0	0	55.3	127	55.3	63.7	126	126	None	99.3	0.785	1.05e-07	8.28e-10	0.00347
R011	3-6k	sorted	k<=5	plain	5,162	5269	149	1.37	111	90.5	1	111	90.5	69	70.4	16	26.9	0	0.0509	0.0624	0	0.000672	0	0.000256	0	0	75.4	76.1	75.4	69.1	76	76	None	64	0.842	3.09e-07	4.06e-09	0.00344
R012	3-6k	sorted	k>=7	plain	3,497	3598	141	1.07	18	14.1	1	18	14.1	22	17.3	0	1.28	0	0.00706	0.009	0	0.000141	0	1.04e-05	0	0	9.16	9.84	9.16	8.06	15.1	9.74	None	15.9	1.05	3.86e-08	3.97e-09	0.0034
R013	6-12k	r<=1.1	k=6	plain	7,465	7800	172	1.32	236	133	1	236	133	140	153	25	26.4	0	0.037	0.0654	0	0.000499	0	8.58e-05	0	0	396	350	396	284	350	350	None	239	0.683	1.1e-07	3.15e-10	0.0385
R014	3-6k	r<=1.1	k<=5	plain	5,259	4978	163	1.13	8	17.4	1	8	17.4	1	2.63	1	1.73	0	0.00677	0.00311	0	4.63e-05	0	3.04e-05	0	0	28.4	82.2	28.4	41.9	82.1	82.1	None	68.4	0.833	2.93e-08	3.56e-10	0.00349
R015	3-6k	r<=1.1	k=6	plain	5,021	5039	156	1.12	53	64	1	53	64	31	35.1	11	7.01	0	0.0314	0.026	0	0.000432	0	8.61e-05	0	0	39.7	67.8	39.7	39.1	67.7	67.7	None	57.9	0.855	1.71e-07	2.52e-09	0.00347
R016	3-6k	sorted	k<=5	plain	3,045	3063	126	1.09	15	10.6	1	15	10.6	10	8.32	3	4.01	0	0.00994	0.0141	0	0.000115	0	5.52e-05	0	0	6.55	5.59	6.55	5.42	8.54	5.49	None	9.69	1.13	1.05e-07	1.92e-08	0.00344
R017	3-6k	r<=1.1	k=6	plain	5,096	5203	170	1.11	17	16.9	1	17	16.9	7	7.53	2	2.24	1	0.00559	0.00561	0	5.16e-05	0	1.53e-05	0	0	37.4	72.2	37.4	32.2	72.1	72.1	None	61.1	0.848	1.99e-08	2.76e-10	0.00347
R018	3-6k	sorted	k<=5	plain	5,758	5879	159	1.34	106	86.6	1	106	86.6	53	55.7	24	24.8	0	0.04	0.049	0	0.000438	0	0.000195	0	0	107	120	107	95.8	119	119	None	94.5	0.791	2.01e-07	1.68e-09	0.00344
R019	3-6k	r<=1.1	k<=5	plain	4,194	4056	160	1.24	1	5.66	1	1	5.66	0	0.407	1	0.251	0	0.00245	0.000432	0	2.07e-05	0	1.28e-05	0	0	9.95	25.6	9.95	16.4	32.1	25.5	None	30.4	0.947	1.14e-08	4.47e-10	0.00349
R020	3-6k	r>1.1	k=6	plain	3,057	2991	134	1.2	4	5.23	1	4	5.23	2	3.99	3	0.577	0	0.00339	0.00259	0	7.05e-05	0	1.02e-05	0	0	3.28	5.36	3.28	5.16	8.68	5.26	None	9.82	1.13	2.44e-08	4.65e-09	0.00344
R021	3-6k	r>1.1	k>=7	plain	4,162	4226	159	1.09	12	6.34	1	12	6.34	6	8.18	1	0.785	0	0.00177	0.00335	0	2.51e-05	0	2.4e-06	0	0	14.1	23.4	14.1	13.9	31.2	23.3	None	29.6	0.951	5.31e-09	2.28e-10	0.00306
R022	3-6k	r<=1.1	k=6	plain	3,208	3205	127	1.08	28	19.2	1	28	19.2	19	23	3	4.21	0	0.0155	0.0227	0	0.000266	0	4.84e-05	0	0	6.94	7.45	6.94	6.95	10.6	7.35	None	11.7	1.1	1.39e-07	1.89e-08	0.00347
R023	3-6k	sorted	k<=5	plain	5,237	5035	164	1.1	11	21.7	1	11	21.7	3	3.56	2	2.29	0	0.00891	0.00451	0	6e-05	0	3.85e-05	0	0	36	80.8	36	41.5	80.7	80.7	None	67.3	0.835	4.09e-08	5.07e-10	0.00344
R024	3-6k	sorted	k<=5	plain	4,920	4697	153	1.38	17	34.9	1	17	34.9	19	10	8	3.94	0	0.0173	0.00845	0	0.000213	0	8.36e-05	0	0	24.3	61.8	24.3	46.8	62.3	61.7	None	53.9	0.865	9.31e-08	1.51e-09	0.00344
R025	6-12k	sorted	k>=7	plain	7,162	7364	176	1.08	190	108	1	190	108	119	124	14	10.1	0	0.0253	0.0445	0	0.000344	0	2.8e-05	0	0	214	295	214	158	295	295	None	206	0.699	6.55e-08	2.22e-10	0.0216
R026	3-6k	r<=1.1	k=6	plain	5,525	5418	155	1.18	88	82.1	1	88	82.1	69	67.1	10	10.4	0	0.0348	0.0373	0	0.000553	0	8.52e-05	0	0	66.9	101	66.9	69.1	101	101	None	81.6	0.81	1.63e-07	1.62e-09	0.00347
R027	3-6k	r<=1.1	k=6	plain	3,354	3375	140	1.07	1	5.6	1	1	5.6	0	0.569	0	0.136	0	0.00307	0.000549	0	3.64e-05	0	8.68e-06	0	0	6.05	7.54	6.05	6.4	12.7	7.44	None	13.7	1.07	1.87e-08	2.52e-09	0.00347
R028	3-6k	sorted	k=6	plain	3,828	3845	144	1.03	18	18.2	1	18	18.2	11	8.46	4	2.29	0	0.0109	0.0108	0	0.000106	0	2.87e-05	0	0	12.1	15.7	12.1	11.4	22	15.6	None	22	0.997	7.35e-08	4.71e-09	0.00351
R029	3-6k	sorted	k<=5	plain	3,190	3281	127	1.11	34	21	1	34	21	22	21.5	8	9.44	0	0.0216	0.0351	0	0.000284	0	0.000125	0	0	9.85	7.71	9.85	7.3	10.4	7.61	None	11.4	1.11	2.48e-07	3.25e-08	0.00344
R030	3-6k	r>1.1	k=6	plain	5,265	5523	171	1.28	36	17.3	1	36	17.3	16	22.7	8	4.48	0	0.00539	0.0112	0	7.08e-05	0	1.39e-05	0	0	46.2	82.6	46.2	44.6	82.5	82.5	None	68.7	0.832	1.81e-08	2.19e-10	0.00344
R031	3-6k	r<=1.1	k=6	plain	4,951	5113	166	1.12	31	22.8	1	31	22.8	10	17	2	4.01	0	0.00902	0.0123	0	0.000103	0	2.42e-05	0	0	32.2	63.1	32.2	29.7	63.9	63	None	55.1	0.862	3.91e-08	6.21e-10	0.00347
R032	3-6k	r<=1.1	k<=5	plain	3,307	3342	128	1.15	14	15.1	1	14	15.1	8	8.05	8	3.97	0	0.0127	0.0118	0	0.000152	0	7.49e-05	0	0	8.92	8.92	8.92	8.2	12	8.82	None	13	1.08	1.16e-07	1.32e-08	0.00349
R033	3-6k	r<=1.1	k=6	plain	3,035	3004	132	1.12	5	5.68	1	5	5.68	7	4.21	1	0.729	0	0.00391	0.00345	0	6.87e-05	0	1.18e-05	0	0	3.55	4.66	3.55	4.5	8.42	4.56	None	9.58	1.14	3e-08	6.57e-09	0.00347
R034	3-6k	sorted	k=6	plain	4,355	4109	142	1.22	28	63.1	1	28	63.1	29	26.7	5	3.99	0	0.0378	0.0168	0	0.000752	0	0.000112	0	0	17.6	34.8	17.6	28	37.6	34.7	None	34.8	0.927	2.44e-07	7.05e-09	0.00351
R035	3-6k	sorted	k<=5	plain	5,783	5982	151	1.26	249	168	1	249	168	123	154	53	54.6	0	0.0939	0.139	0	0.00121	0	0.000427	0	0	146	122	146	105	122	122	None	96	0.789	5.83e-07	4.79e-09	0.00344
R036	6-12k	sorted	k=6	plain	6,712	6661	177	1.12	82	86.2	1	82	86.2	34	43.5	9	9.3	0	0.0289	0.0275	0	0.00032	0	6.82e-05	0	0	136	226	136	119	225	225	None	164	0.725	1.07e-07	4.75e-10	0.0407
R037	3-6k	sorted	k<=5	plain	3,305	3403	133	1.67	8	5.96	1	8	5.96	3	6.82	0	1.96	0	0.00389	0.00522	0	6.89e-05	0	1.97e-05	0	0	7.15	9.72	7.15	9.14	12	9.62	None	13	1.08	2.77e-08	2.88e-09	0.00344
R038	3-6k	r<=1.1	k<=5	plain	4,146	4101	146	1.47	18	14.3	1	18	14.3	15	11.7	2	4.39	0	0.00776	0.00975	0	0.000105	0	3.93e-05	0	0	15.2	28	15.2	23.8	30.6	27.9	None	29.2	0.953	4.53e-08	1.62e-09	0.00349
R039	3-6k	sorted	k=6	plain	3,885	3813	159	1.15	4	5.97	1	4	5.97	2	2.64	1	0.541	0	0.00277	0.00186	0	3.8e-05	0	7.76e-06	0	0	6.39	15.1	6.39	9.49	23.4	15	None	23.1	0.989	1.4e-08	9.37e-10	0.00351
R040	3-6k	r>1.1	k=6	plain	4,029	4056	156	1.14	2	3.15	1	2	3.15	1	1.01	0	0.252	0	0.00104	0.000662	0	1.09e-05	0	2.73e-06	0	0	10.5	19.4	10.5	12	27.2	19.3	None	26.4	0.968	3.72e-09	1.93e-10	0.00344
R041	3-6k	r<=1.1	k=6	plain	4,515	4505	145	1.12	44	50.5	1	44	50.5	28	33.1	7	5.66	0	0.0279	0.0242	0	0.000436	0	7.44e-05	0	0	28.1	40.1	28.1	28.4	43.6	40	None	39.6	0.908	1.71e-07	4.26e-09	0.00347
R042	3-6k	r<=1.1	k=6	plain	4,838	4904	163	1.15	17	26.6	1	17	26.6	8	9.89	0	2.31	0	0.0109	0.00696	0	0.000132	0	3.08e-05	0	0	26.9	55.8	26.9	29.9	58.1	55.7	None	50.7	0.873	4.81e-08	8.64e-10	0.00347
R043	3-6k	sorted	k<=5	plain	5,389	5395	160	1.43	46	34.3	1	46	34.3	32	27.2	7	9.76	0	0.015	0.0201	0	0.000185	0	6.62e-05	0	0	56.7	90.9	56.7	67.7	90.8	90.8	None	74.6	0.821	7.29e-08	8.03e-10	0.00344
R044	3-6k	r<=1.1	k=6	plain	5,995	6083	161	1.16	160	129	1	160	129	83	112	17	19	0	0.0537	0.0666	0	0.000784	0	0.000132	0	0	125	141	125	91.6	141	141	None	109	0.773	2.45e-07	1.74e-09	0.00347
R045	6-12k	sorted	k=6	dfirst	7,740	8042	173	1.16	558	344	9	62	38.2	441	363	90	61.2	0	0.121	0.196	0	0.00164	0	0.000275	0	0	354	318	506	288	407	407	298	272	0.669	4.65e-07	1.71e-09	0.0407
R046	3-6k	r<=1.1	k>=7	plain	3,934	4045	154	1.04	18	11.6	1	18	11.6	6	10.9	3	1.21	0	0.00446	0.0069	0	5.63e-05	0	6.23e-06	0	0	11.8	16.9	11.8	10.9	24.7	16.8	None	24.2	0.982	1.87e-08	1.11e-09	0.00356
R047	3-6k	sorted	k<=5	plain	5,972	5930	156	1.34	146	132	1	146	132	71	88	39	31.9	0	0.0657	0.0727	0	0.000825	0	0.000299	0	0	111	139	111	121	139	139	None	108	0.775	3.63e-07	2.62e-09	0.00344
R048	3-6k	r<=1.1	k=6	plain	3,439	3477	145	1.08	7	6.18	1	7	6.18	1	4.15	1	0.952	0	0.00343	0.00388	0	4.23e-05	0	9.68e-06	0	0	5.98	8.15	5.98	6.56	14.1	8.05	None	15	1.06	2.11e-08	2.63e-09	0.00347
R049	3-6k	r<=1.1	k=6	plain	5,088	5211	170	1.06	13	18.4	1	13	18.4	2	5.1	2	1.54	0	0.00648	0.00457	0	5.29e-05	0	1.59e-05	0	0	36.1	71.7	36.1	30.4	71.6	71.6	None	60.8	0.849	2.53e-08	3.53e-10	0.00347
R050	3-6k	sorted	k=6	plain	5,520	5378	161	1.21	41	60.5	1	41	60.5	36	30.7	5	4.96	0	0.0246	0.0167	0	0.000383	0	6.18e-05	0	0	50.2	100	50.2	60.3	100	100	None	81.3	0.81	1.11e-07	1.11e-09	0.00351
R051	3-6k	r>1.1	k=6	plain	5,868	5701	175	1.2	22	45.5	1	22	45.5	16	12.7	0	2.81	0	0.0151	0.00731	0	0.000182	0	4.01e-05	0	0	50.7	129	50.7	68.6	129	129	None	101	0.783	5.41e-08	4.18e-10	0.00344
R052	6-12k	sorted	k=6	plain	6,553	6786	167	1.11	202	145	1	202	145	90	102	30	25.4	0	0.054	0.0752	0	0.000567	0	0.000141	0	0	203	204	203	121	204	204	None	150	0.735	2.2e-07	1.08e-09	0.0407
R053	3-6k	r>1.1	k=6	plain	4,437	4392	156	1.07	16	18	1	16	18	12	7.94	1	2.01	0	0.00785	0.00697	0	8.11e-05	0	2.05e-05	0	0	19.7	34.6	19.7	20.2	40.6	34.5	None	37.2	0.917	3.8e-08	1.1e-09	0.00344
R054	3-6k	r<=1.1	k=6	plain	4,248	4378	155	1.06	17	12.1	1	17	12.1	6	7.01	0	2.28	0	0.00498	0.00701	0	4.28e-05	0	1.39e-05	0	0	19.4	26.7	19.4	15.8	33.9	26.6	None	31.9	0.94	2.24e-08	8.42e-10	0.00347
R055	3-6k	sorted	k=6	plain	4,473	4607	142	1.1	116	86.4	1	116	86.4	76	82.4	11	16.3	0	0.0526	0.0707	0	0.000778	0	0.000153	0	0	39.6	38.6	39.6	28.2	42	38.5	None	38.3	0.913	3.48e-07	9.03e-09	0.00351
R056	3-6k	sorted	k=6	plain	5,533	5568	170	1.17	28	46	1	28	46	11	16.4	2	3.64	0	0.017	0.0104	0	0.000207	0	4.6e-05	0	0	51.1	101	51.1	50.8	101	101	None	82	0.809	6.78e-08	6.69e-10	0.00351
R057	6-12k	sorted	k<=5	dfirst	9,750	9932	189	1.33	392	312	8	49	39	128	153	56	72.2	0	0.0858	0.108	0	0.000699	0	0.000329	0	0	669	754	990	1,041	1,059	1,059	545	622	0.587	2.62e-07	4.22e-10	0.043
R058	3-6k	r<=1.1	k<=5	plain	4,758	4639	148	1.54	25	20.2	1	25	20.2	14	14.9	6	5.64	0	0.00888	0.011	0	0.00011	0	4.16e-05	0	0	32.7	53.5	32.7	46.5	54.2	53.4	None	47.8	0.881	4.26e-08	7.97e-10	0.00349
R059	3-6k	sorted	k<=5	plain	3,734	3625	133	1.22	28	30.5	1	28	30.5	17	20.4	11	7.42	0	0.0255	0.0234	0	0.000386	0	0.00014	0	0	11.5	17.1	11.5	15.1	19.9	17	None	20.1	1.01	2.37e-07	1.39e-08	0.00344
R060	12-24k	r>1.1	k<=5	dfirst	12,312	12062	238	1.98	20	9.79	5	4	1.96	0	3.67	5	2.76	0	0.000143	0.000291	0	5.45e-07	0	4.1e-07	0	0	206	843	702	2,272	2,783	2,783	326	1,432	0.515	5.58e-10	3.9e-13	0.017
R061	3-6k	sorted	k=6	plain	4,656	4628	159	1.22	18	17.7	1	18	17.7	16	14.8	3	2.13	0	0.0076	0.00772	0	0.00013	0	1.87e-05	0	0	20.9	45.8	20.9	27.5	49.6	45.7	None	44.2	0.892	3.65e-08	8e-10	0.00351
R062	3-6k	sorted	k<=5	plain	3,887	3797	146	1.24	5	11.2	1	5	11.2	0	2.97	2	1.24	0	0.00704	0.00315	0	8.72e-05	0	3.63e-05	0	0	9.22	18.1	9.22	13.6	23.5	18	None	23.2	0.988	4.93e-08	2.74e-09	0.00344
R063	3-6k	r<=1.1	k=6	plain	5,236	5330	157	1.25	53	41.4	1	53	41.4	29	39.3	7	6.45	0	0.0158	0.0202	0	0.000244	0	3.99e-05	0	0	59.9	80.7	59.9	53.3	80.6	80.6	None	67.3	0.835	6.48e-08	8.04e-10	0.00347
R064	3-6k	sorted	k<=5	plain	4,513	4408	137	1.24	112	91.1	1	112	91.1	72	80.1	29	28	0	0.0691	0.0849	0	0.00103	0	0.000359	0	0	36.1	42.5	36.1	37.9	43.6	42.4	None	39.6	0.908	5.82e-07	1.37e-08	0.00344
R065	3-6k	r>1.1	k=6	plain	3,664	3740	149	1.17	7	4.26	1	7	4.26	5	4.41	0	0.966	0	0.0018	0.00295	0	2.36e-05	0	5.15e-06	0	0	8.26	12.5	8.26	9.59	18.4	12.4	None	18.8	1.02	8.16e-09	6.6e-10	0.00344
R066	3-6k	sorted	k=6	plain	5,722	5506	150	1.31	136	206	1	136	206	147	127	24	17.3	0	0.0958	0.0632	0	0.00187	0	0.000254	0	0	94.6	117	94.6	106	116	116	None	92.4	0.794	4.86e-07	4.18e-09	0.00351
R067	3-6k	r<=1.1	k=6	plain	4,364	4417	155	1.22	14	16.8	1	14	16.8	11	11.3	3	1.81	0	0.00767	0.00641	0	0.000129	0	2.06e-05	0	0	19.1	32.5	19.1	21	37.9	32.4	None	35.1	0.926	3.84e-08	1.19e-09	0.00347
R068	3-6k	sorted	k<=5	plain	3,247	3429	136	1.62	7	4.44	1	7	4.44	5	4.89	3	1.9	0	0.00268	0.00423	0	3.9e-05	0	1.51e-05	0	0	7.4	9.19	7.4	8.76	11.1	9.09	None	12.2	1.09	1.72e-08	1.89e-09	0.00344
R069	3-6k	r<=1.1	k<=5	plain	3,388	3351	140	1.2	2	4.59	1	2	4.59	1	1.03	0	0.521	0	0.00279	0.00121	0	2.98e-05	0	1.51e-05	0	0	5.85	8.77	5.85	7.59	13.3	8.67	None	14.2	1.07	1.85e-08	2.13e-09	0.00349
R070	3-6k	r<=1.1	k=6	plain	5,656	5706	158	1.23	95	86	1	95	86	82	68.3	9	11.9	0	0.0336	0.0371	0	0.000502	0	8.77e-05	0	0	84.9	111	84.9	80	111	111	None	88.7	0.799	1.41e-07	1.27e-09	0.00347
R071	3-6k	r<=1.1	k=6	plain	5,205	5335	160	1.14	49	34.7	1	49	34.7	21	27.7	8	6.15	0	0.0129	0.0182	0	0.000152	0	3.36e-05	0	0	49.1	78.7	49.1	43.7	78.6	78.6	None	65.9	0.838	5.22e-08	6.63e-10	0.00347
R072	3-6k	sorted	k<=5	plain	4,346	4452	150	1.65	11	10.9	1	11	10.9	1	6.14	4	2.69	0	0.0047	0.00473	0	5.47e-05	0	2.4e-05	0	0	24.1	35.2	24.1	29.9	37.3	35.1	None	34.6	0.928	2.14e-08	6.11e-10	0.00344
R073	3-6k	r<=1.1	k<=5	plain	5,684	5417	169	1.26	16	30.8	1	16	30.8	12	6.31	5	3.68	0	0.0114	0.00593	0	9.37e-05	0	5.46e-05	0	0	42.9	113	42.9	69.9	113	113	None	90.3	0.797	4.61e-08	4.07e-10	0.00349
R074	3-6k	r<=1.1	k=6	plain	4,610	4570	149	1.15	26	39.3	1	26	39.3	17	18.9	5	3.42	0	0.0195	0.0129	0	0.000295	0	5.33e-05	0	0	28.7	44.2	28.7	29.7	47.6	44.1	None	42.7	0.897	1.06e-07	2.4e-09	0.00347
R075	3-6k	sorted	k<=5	plain	5,244	5447	159	1.2	87	41.1	1	87	41.1	30	37.3	26	20.5	0	0.0191	0.0403	0	0.00017	0	9.37e-05	0	0	70.1	81.2	70.1	49.6	81.1	81.1	None	67.7	0.834	9.68e-08	1.19e-09	0.00344
R076	3-6k	r<=1.1	k>=7	plain	4,385	4310	155	1.11	24	16	1	24	16	20	20.4	1	1.63	0	0.00539	0.00811	0	9.53e-05	0	7.58e-06	0	0	14.9	32.3	14.9	19	38.6	32.2	None	35.7	0.923	1.99e-08	6.18e-10	0.00356
R077	3-6k	r<=1.1	k=6	plain	4,073	4404	156	1.28	13	6.16	1	13	6.16	5	8.46	1	1.81	0	0.00223	0.0047	0	3.02e-05	0	6.43e-06	0	0	21.4	23	21.4	16.6	28.5	22.9	None	27.4	0.963	8.42e-09	3.67e-10	0.00347
R078	3-6k	r<=1.1	k=6	plain	4,175	4303	144	1.12	61	44.2	1	61	44.2	39	48.2	11	8.61	0	0.0275	0.038	0	0.000453	0	8.06e-05	0	0	22.3	26.8	22.3	19.6	31.6	26.7	None	30	0.949	1.89e-07	7.08e-09	0.00347
R079	3-6k	r<=1.1	k=6	plain	4,612	4526	160	1.16	9	16.4	1	9	16.4	5	5.44	1	1.17	0	0.00642	0.00352	0	8.08e-05	0	1.74e-05	0	0	14.9	42.9	14.9	24.1	47.6	42.8	None	42.7	0.897	2.71e-08	6.34e-10	0.00347
R080	3-6k	r<=1.1	k=6	plain	5,170	5089	156	1.25	58	60.4	1	58	60.4	53	49.6	10	7.24	0	0.027	0.0259	0	0.000481	0	6.99e-05	0	0	47.8	76.6	47.8	53.5	76.5	76.5	None	64.3	0.841	1.34e-07	1.75e-09	0.00347
R081	6-12k	sorted	k=6	dfirst	10,697	10939	190	1.26	1080	818	20	54	40.9	800	646	60	107	0	0.2	0.264	0	0.0025	0	0.000413	0	0	904	944	1,708	1,663	1,554	1,554	819	866	0.557	5.45e-07	6.29e-10	0.0407
R082	3-6k	sorted	k<=5	plain	4,060	3973	156	1.16	4	8.64	1	4	8.64	4	1.85	0	0.961	0	0.00475	0.0022	0	4.57e-05	0	2.38e-05	0	0	7.99	21.1	7.99	13.7	28.1	21	None	27.1	0.964	2.91e-08	1.39e-09	0.00344
R083	3-6k	sorted	k<=5	plain	3,144	3214	138	1.15	5	4.64	1	5	4.64	3	2.86	0	1.3	0	0.00352	0.00379	0	4.19e-05	0	1.89e-05	0	0	4.86	5.42	4.86	5	9.74	5.32	None	10.9	1.11	2.96e-08	5.57e-09	0.00344
R084	3-6k	sorted	k=6	plain	3,819	3814	132	1.11	72	70.8	1	72	70.8	64	64.1	11	11.1	0	0.0559	0.0569	0	0.00104	0	0.000179	0	0	18.8	18.6	18.8	16	21.8	18.5	None	21.8	0.998	4.76e-07	2.57e-08	0.00351
R085	3-6k	r<=1.1	k>=7	plain	4,270	4211	162	1.04	8	6.01	1	8	6.01	4	5.36	0	0.276	0	0.00136	0.00181	0	1.9e-05	0	9.71e-07	0	0	10.4	26	10.4	13.5	34.6	25.9	None	32.5	0.937	3.34e-09	1.29e-10	0.00356
R086	3-6k	sorted	k=6	plain	5,535	5740	156	1.34	132	84.7	1	132	84.7	103	102	20	17.7	0	0.0328	0.0512	0	0.000528	0	9.13e-05	0	0	108	102	108	81.4	101	101	None	82.1	0.809	1.34e-07	1.32e-09	0.00351
R087	3-6k	r>1.1	k=6	plain	5,188	5141	167	1.1	14	19.7	1	14	19.7	6	6.61	2	1.65	0	0.00676	0.00481	0	6.64e-05	0	1.66e-05	0	0	34.4	77.7	34.4	36.6	77.6	77.6	None	65.1	0.839	2.55e-08	3.29e-10	0.00344
R088	3-6k	r<=1.1	k>=7	plain	4,192	4141	146	1.07	40	39	1	40	39	28	32.9	1	2.89	0	0.0169	0.0173	0	0.000288	0	2.53e-05	0	0	16.5	26.6	16.5	18.5	32.1	26.5	None	30.4	0.947	7.73e-08	2.91e-09	0.00356
R089	3-6k	r<=1.1	k=6	plain	4,708	4815	159	1.06	18	21.9	1	18	21.9	9	7.78	1	2.24	0	0.00916	0.00752	0	8.24e-05	0	2.36e-05	0	0	27.2	47.5	27.2	24	51.9	47.4	None	46	0.887	4.25e-08	8.98e-10	0.00347
R090	3-6k	sorted	k<=5	plain	5,594	5723	157	1.33	102	92.3	1	102	92.3	63	56.2	25	24.2	0	0.0458	0.0506	0	0.000526	0	0.000227	0	0	106	106	106	88.1	106	106	None	85.3	0.804	2.47e-07	2.33e-09	0.00344
R091	3-6k	r<=1.1	k<=5	plain	3,889	3756	148	1.44	8	7.88	1	8	7.88	5	4.77	0	2.02	0	0.00412	0.00418	0	5.11e-05	0	2.16e-05	0	0	8.69	20.1	8.69	16.9	23.5	20	None	23.2	0.988	2.32e-08	1.16e-09	0.00349
R092	3-6k	r<=1.1	k=6	plain	3,084	3112	131	1.17	22	7.59	1	22	7.59	22	22.3	2	3.14	0	0.00527	0.0153	0	0.000111	0	1.56e-05	0	0	4.63	6.06	4.63	5.82	9	5.96	None	10.1	1.13	4.07e-08	6.83e-09	0.00347
R093	3-6k	r<=1.1	k=6	plain	3,731	3761	136	1.14	27	28	1	27	28	21	22.5	3	3.98	0	0.0183	0.0177	0	0.000318	0	5.6e-05	0	0	13.9	15.7	13.9	13.1	19.8	15.6	None	20	1.01	1.29e-07	8.27e-09	0.00347
R094	3-6k	sorted	k=6	plain	3,583	3693	162	1.18	3	2.41	1	3	2.41	5	2.11	0	0.385	0	0.00103	0.00129	0	1.52e-05	0	2.75e-06	0	0	5.01	8.92	5.01	6.26	16.8	8.82	None	17.3	1.03	4.94e-09	5.6e-10	0.00351
R095	3-6k	r<=1.1	k>=7	plain	4,642	4672	166	1.05	15	16.1	1	15	16.1	11	7.75	2	1.01	0	0.00472	0.00441	0	5.08e-05	0	6.61e-06	0	0	17.9	43.2	17.9	20.4	49	43.1	None	43.8	0.894	1.49e-08	3.47e-10	0.00356
R096	3-6k	sorted	k<=5	plain	5,363	5301	153	1.4	66	68.2	1	66	68.2	46	44.4	15	14	0	0.0347	0.0336	0	0.000486	0	0.000153	0	0	65.3	89.1	65.3	76.1	89	89	None	73.3	0.824	1.98e-07	2.23e-09	0.00344
R097	3-6k	r<=1.1	k>=7	plain	4,172	4267	152	1.06	27	19.1	1	27	19.1	14	18.3	5	1.9	0	0.00699	0.00989	0	9.89e-05	0	1.02e-05	0	0	16.8	24.3	16.8	15	31.4	24.2	None	29.9	0.95	2.71e-08	1.12e-09	0.00356
R098	3-6k	r<=1.1	k=6	plain	4,292	4427	155	1.1	22	14.8	1	22	14.8	8	11.9	3	2.95	0	0.00644	0.00956	0	7.27e-05	0	1.8e-05	0	0	21.1	28.6	21.1	17.2	35.4	28.5	None	33.1	0.934	3.01e-08	1.06e-09	0.00347
R099	3-6k	r<=1.1	k=6	plain	5,645	5501	160	1.21	53	83.6	1	53	83.6	32	36.8	0	6.79	0	0.0333	0.0211	0	0.000481	0	8.85e-05	0	0	67.3	110	67.3	74.2	110	110	None	88	0.8	1.43e-07	1.3e-09	0.00347
R100	24-45k	sorted	k>=7	dfirst	36,670	38895	347	1.17	1708	1,808	427	4	4.23	854	364	0	51.9	0	9.64e-05	9.11e-05	0	4.28e-07	0	6.1e-08	0	0	339	719	116,502	431,150	255,654	255,654	38,862	70,934	0.277	1.98e-08	2.79e-13	0.074
R101	3-6k	r<=1.1	k<=5	plain	5,367	5263	174	1.17	8	13.6	1	8	13.6	1	2.69	3	1.78	0	0.00491	0.00288	0	3.44e-05	0	2.27e-05	0	0	32.3	89.4	32.3	40.5	89.3	89.3	None	73.5	0.823	1.99e-08	2.23e-10	0.00349
R102	3-6k	sorted	k<=5	plain	3,978	3953	154	1.29	11	8.67	1	11	8.67	8	6.1	2	2.71	0	0.00468	0.00593	0	5.4e-05	0	2.4e-05	0	0	7.03	20.2	7.03	14.8	25.8	20.1	None	25.2	0.975	2.76e-08	1.37e-09	0.00344
R103	3-6k	r<=1.1	k=6	plain	4,972	4922	164	1.14	12	17.8	1	12	17.8	3	7.05	1	1.41	0	0.00652	0.00439	0	7.97e-05	0	1.59e-05	0	0	26.2	64.6	26.2	31.7	65.1	64.5	None	55.9	0.86	2.65e-08	4.11e-10	0.00347
R104	3-6k	sorted	k<=5	plain	5,685	5516	170	1.26	13	26.2	1	13	26.2	5	5.24	0	2.87	0	0.00962	0.00477	0	8.08e-05	0	4.42e-05	0	0	49.8	113	49.8	63.4	113	113	None	90.3	0.797	3.86e-08	3.4e-10	0.00344
R105	3-6k	r<=1.1	k=6	plain	5,952	5899	166	1.29	29	39.1	1	29	39.1	24	19	1	3.28	0	0.0116	0.00861	0	0.000159	0	2.73e-05	0	0	78.8	137	78.8	90.7	137	137	None	106	0.777	3.73e-08	2.72e-10	0.00347
R106	3-6k	sorted	k<=5	plain	4,160	4217	133	1.28	82	83.8	1	82	83.8	63	64.2	24	21.7	0	0.0694	0.0679	0	0.00113	0	0.000382	0	0	34.8	30.7	34.8	29.7	31.1	30.6	None	29.6	0.951	6.28e-07	2.05e-08	0.00344
R107	3-6k	r<=1.1	k=6	plain	4,544	4349	151	1.29	5	19.4	1	5	19.4	6	4.02	0	0.635	0	0.0078	0.002	0	0.000131	0	2.06e-05	0	0	20	42	20	31.2	44.8	41.9	None	40.5	0.905	3.37e-08	8.04e-10	0.00347
R108	3-6k	r<=1.1	k=6	plain	4,958	4953	166	1.09	17	20.2	1	17	20.2	5	7.96	3	2.1	0	0.00766	0.00644	0	7.47e-05	0	1.96e-05	0	0	27	63.5	27	28.2	64.3	63.4	None	55.4	0.861	3.17e-08	5e-10	0.00347
R109	3-6k	r>1.1	k=6	plain	3,136	3201	148	1.05	2	2.67	1	2	2.67	0	0.999	0	0.275	0	0.00149	0.00112	0	1.55e-05	0	4.25e-06	0	0	3.48	4.35	3.48	3.93	9.65	4.25	None	10.8	1.12	9.44e-09	2.22e-09	0.00344
R110	3-6k	r<=1.1	k<=5	plain	5,379	5122	169	1.27	7	20.7	1	7	20.7	7	3.25	5	1.48	0	0.00821	0.00277	0	7.94e-05	0	3.6e-05	0	0	29.4	90.2	29.4	50.2	90.1	90.1	None	74.1	0.822	3.64e-08	4.04e-10	0.00349
R111	6-12k	sorted	k<=5	plain	6,871	6565	168	1.23	55	123	1	55	123	23	24.4	11	11.6	1	0.0496	0.0222	0	0.000459	0	0.000218	0	0	144	249	144	179	248	248	None	178	0.716	2.23e-07	8.99e-10	0.043
R112	3-6k	sorted	k=6	plain	3,834	3764	135	1.06	39	54.4	1	39	54.4	27	28.1	5	5.44	0	0.0408	0.0292	0	0.000612	0	0.000118	0	0	14.7	18.1	14.7	14.9	22.2	18	None	22.1	0.996	3.4e-07	1.89e-08	0.00351
R113	3-6k	r<=1.1	k=6	plain	4,977	5236	155	1.13	103	68.9	1	103	68.9	64	69.7	14	14	0	0.0337	0.0503	0	0.000474	0	9.51e-05	0	0	65	65.1	65	39.1	65.3	65	None	56.1	0.859	1.8e-07	2.77e-09	0.00347
R114	3-6k	r<=1.1	k<=5	plain	4,890	4728	150	1.37	29	49.3	1	29	49.3	15	18.1	11	6.86	0	0.0267	0.0157	0	0.000347	0	0.000131	0	0	37.7	60.3	37.7	49.5	60.7	60.2	None	52.7	0.868	1.58e-07	2.63e-09	0.00349
R115	3-6k	sorted	k<=5	plain	3,038	2921	159	1.29	1	0.569	1	1	0.569	0	0.497	0	0.248	0	0.000278	0.000489	0	2.88e-06	0	1.44e-06	0	0	1.21	3.23	1.21	3.05	8.46	3.13	None	9.61	1.14	1.51e-09	4.84e-10	0.00344
R116	3-6k	r<=1.1	k<=5	plain	3,649	3464	141	1.25	4	5.64	1	4	5.64	1	2.1	0	0.991	0	0.00308	0.00218	0	3.36e-05	0	1.59e-05	0	0	4.89	13.5	4.89	11.1	18.1	13.4	None	18.5	1.02	1.84e-08	1.37e-09	0.00349
R117	3-6k	r<=1.1	k<=5	plain	5,269	5383	161	1.24	47	36	1	47	36	15	21.2	13	11.1	0	0.0162	0.0212	0	0.000152	0	7.95e-05	0	0	61.1	82.8	61.1	51.5	82.7	82.7	None	68.8	0.832	7.86e-08	9.5e-10	0.00349
R118	3-6k	r<=1.1	k<=5	plain	5,336	5638	158	1.22	83	54.5	1	83	54.5	39	42	20	18.8	0	0.0274	0.0417	0	0.000288	0	0.000129	0	0	80.1	87.3	80.1	57.5	87.2	87.2	None	72	0.826	1.53e-07	1.75e-09	0.00349
R119	6-12k	sorted	k=6	dfirst	7,315	7328	171	1.18	215	210	5	43	42.1	60	140	25	24.7	0	0.0735	0.0751	0	0.000993	0	0.000175	0	0	215	287	247	216	322	322	165	223	0.691	2.85e-07	1.28e-09	0.0407
R120	3-6k	sorted	k<=5	plain	5,030	4954	154	1.1	26	34.1	1	26	34.1	10	9.69	4	5.71	0	0.0166	0.0126	0	0.000129	0	7.56e-05	0	0	41.1	68.3	41.1	39.6	68.2	68.2	None	58.3	0.854	8.99e-08	1.32e-09	0.00344
R121	3-6k	r<=1.1	k=6	plain	4,504	4612	150	1.14	35	38.9	1	35	38.9	15	23.2	0	4.98	0	0.0196	0.0176	0	0.000271	0	5.79e-05	0	0	29.3	39	29.3	25.8	43.2	38.9	None	39.3	0.909	1.07e-07	2.74e-09	0.00347
R122	3-6k	r<=1.1	k>=7	plain	3,663	3770	146	1.03	14	9.54	1	14	9.54	7	8.51	0	0.931	0	0.00393	0.00578	0	4.98e-05	0	5.42e-06	0	0	9.7	11.5	9.7	8.36	18.4	11.4	None	18.8	1.02	1.78e-08	1.57e-09	0.00356
R123	3-6k	r<=1.1	k<=5	plain	4,326	4156	163	1.16	3	6.49	1	3	6.49	0	1.22	2	0.69	0	0.00297	0.00137	0	2.51e-05	0	1.42e-05	0	0	11.9	29	11.9	15.9	36.6	28.9	None	34	0.93	1.53e-08	5.31e-10	0.00349
R124	3-6k	r>1.1	k=6	plain	3,785	3707	151	1.3	9	4.01	1	9	4.01	7	7.49	0	1.11	0	0.00161	0.00361	0	2.78e-05	0	4.13e-06	0	0	7	15.7	7	12.1	21	15.6	None	21.1	1	7.15e-09	4.6e-10	0.00344
R125	3-6k	r<=1.1	k<=5	plain	3,895	3626	141	1.22	4	11.6	1	4	11.6	3	2.1	1	1	0	0.00661	0.00228	0	7.21e-05	0	3.44e-05	0	0	8.24	19.6	8.24	16	23.7	19.5	None	23.4	0.987	4.12e-08	2.11e-09	0.00349
R126	3-6k	sorted	k<=5	plain	5,375	5151	159	1.48	20	34.8	1	20	34.8	9	11.4	4	4.35	0	0.0147	0.00843	0	0.000174	0	6.63e-05	0	0	44.2	90	44.2	69	89.9	89.9	None	73.9	0.823	6.77e-08	7.53e-10	0.00344
R127	3-6k	r>1.1	k=6	plain	4,167	4000	157	1.06	5	6.32	1	5	6.32	2	2.29	0	0.565	0	0.0025	0.00197	0	2.37e-05	0	5.86e-06	0	0	9.78	23.4	9.78	13.7	31.3	23.3	None	29.7	0.95	1.11e-08	4.76e-10	0.00344
R128	3-6k	r<=1.1	k<=5	plain	5,051	5068	168	1.31	7	14.6	1	7	14.6	2	3.15	1	1.59	0	0.00577	0.00277	0	5.42e-05	0	2.73e-05	0	0	30.3	69.5	30.3	38.5	69.4	69.4	None	59.2	0.852	2.49e-08	3.59e-10	0.00349
R129	3-6k	sorted	k=6	plain	5,859	5630	157	1.35	69	81.4	1	69	81.4	51	62.5	6	7.79	0	0.0308	0.0261	0	0.000581	0	7.22e-05	0	0	74.4	129	74.4	100	128	128	None	101	0.783	1.27e-07	9.92e-10	0.00351
R130	6-12k	sorted	k<=5	dfirst	10,046	9797	188	1.25	280	339	8	35	42.3	112	101	80	49.8	0	0.0903	0.0746	0	0.000676	0	0.000334	0	0	525	842	741	1,109	1,198	1,198	432	692	0.577	2.68e-07	3.87e-10	0.043
R131	3-6k	r<=1.1	k<=5	plain	3,361	3388	128	1.34	19	19.6	1	19	19.6	21	16	8	5.15	0	0.0169	0.0163	0	0.000296	0	9.51e-05	0	0	9.7	10.5	9.7	9.77	12.8	10.4	None	13.8	1.07	1.59e-07	1.53e-08	0.00349
R132	3-6k	r<=1.1	k>=7	plain	4,323	4049	155	1.12	2	15.1	1	2	15.1	2	1.68	0	0.137	0	0.00493	0.000652	0	8.64e-05	0	7e-06	0	0	10.7	30.2	10.7	18.6	36.5	30.1	None	33.9	0.931	1.7e-08	5.65e-10	0.00356
R133	3-6k	sorted	k=6	plain	3,601	3520	159	1.14	0	3.22	1	0	3.22	0	0	0	0	0	0.00133	0	0	1.37e-05	0	4.29e-06	0	0	3.83	9.38	3.83	6.61	17.1	9.28	None	17.6	1.03	5.8e-09	6.25e-10	0.00351
R134	3-6k	sorted	k>=7	plain	4,565	4518	154	1.04	37	38	1	37	38	29	22	0	2.42	0	0.0145	0.0141	0	0.00018	0	1.97e-05	0	0	23.3	40.6	23.3	23.3	45.7	40.5	None	41.2	0.902	6.08e-08	1.5e-09	0.0034
R135	3-6k	r>1.1	k<=5	plain	3,406	3216	158	1.2	0	1.38	1	0	1.38	0	0	0	0	0	0.000675	0	0	6.29e-06	0	3.34e-06	0	0	2.43	6.64	2.43	5.13	13.6	6.54	None	14.5	1.07	3.72e-09	5.69e-10	0.00329
R136	3-6k	sorted	k=6	plain	5,710	5669	168	1.09	42	59	1	42	59	23	20.9	1	5.01	0	0.0225	0.016	0	0.000234	0	5.58e-05	0	0	61.4	116	61.4	57.8	115	115	None	91.7	0.795	9.57e-08	8.29e-10	0.00351
R137	3-6k	sorted	k=6	plain	5,346	5337	165	1.17	39	37	1	39	37	25	26.5	4	4.69	0	0.0146	0.0154	0	0.000206	0	3.64e-05	0	0	43.8	88	43.8	47.7	87.9	87.9	None	72.5	0.825	6.49e-08	7.39e-10	0.00351
R138	3-6k	sorted	k=6	plain	3,707	3801	141	1.16	28	25.1	1	28	25.1	44	24.5	4	4.28	0	0.0167	0.0186	0	0.000304	0	5.29e-05	0	0	12.1	14.5	12.1	11.7	19.3	14.4	None	19.6	1.02	1.18e-07	8.19e-09	0.00351
R139	3-6k	r<=1.1	k=6	plain	3,285	3243	135	1.05	8	7.25	1	8	7.25	3	4.03	2	1.1	0	0.00442	0.00488	0	4.63e-05	0	1.26e-05	0	0	5.11	7.02	5.11	6.18	11.7	6.92	None	12.7	1.09	2.97e-08	4.3e-09	0.00347
R140	3-6k	r<=1.1	k<=5	plain	4,339	4365	138	1.24	46	55.9	1	46	55.9	28	29	13	11.8	0	0.0385	0.0317	0	0.000505	0	0.000205	0	0	30.3	35.3	30.3	30.8	37	35.2	None	34.4	0.929	2.9e-07	8.24e-09	0.00349
R141	3-6k	r<=1.1	k=6	plain	5,301	5274	158	1.1	31	32.5	1	31	32.5	11	14.9	4	3.75	0	0.0112	0.0107	0	0.000112	0	2.82e-05	0	0	56.1	84.9	56.1	46.4	84.8	84.8	None	70.3	0.829	4.18e-08	4.93e-10	0.00347
R142	3-6k	sorted	k<=5	plain	3,596	3521	129	1.27	26	35.8	1	26	35.8	18	20.6	9	7.24	0	0.0322	0.0233	0	0.00053	0	0.000186	0	0	11.2	15.6	11.2	14.7	17	15.5	None	17.6	1.03	3.14e-07	2.02e-08	0.00344
R143	3-6k	r<=1.1	k=6	plain	3,571	3557	139	1.24	14	14.1	1	14	14.1	21	14.7	3	1.96	0	0.00875	0.00871	0	0.000192	0	2.54e-05	0	0	6.91	12.7	6.91	11	16.5	12.6	None	17.1	1.04	6.05e-08	4.79e-09	0.00347
R144	3-6k	sorted	k=6	plain	5,654	5663	167	1.24	93	61.9	1	93	61.9	105	64.8	15	11.9	0	0.0235	0.0353	0	0.00034	0	6.24e-05	0	0	41	111	41	67.3	111	111	None	88.6	0.799	9.58e-08	8.65e-10	0.00351
R145	12-24k	sorted	k>=7	dfirst	19,246	20169	281	1.09	224	370	28	8	13.2	0	58.3	0	7.99	0	0.000907	0.00055	0	4.92e-06	0	6.73e-07	0	0	397	927	7,456	14,380	17,700	17,700	3,133	7,074	0.4	1.4e-08	1.98e-12	0.0481
R146	3-6k	sorted	k<=5	plain	5,813	5717	154	1.77	41	58.6	1	41	58.6	24	25.3	7	8.62	0	0.023	0.0161	0	0.000296	0	0.000101	0	0	90.7	124	90.7	110	124	124	None	97.8	0.787	9.89e-08	7.96e-10	0.00344
R147	3-6k	r<=1.1	k<=5	plain	3,259	3135	138	1.47	1	2.34	1	1	2.34	1	0.658	0	0.239	0	0.00126	0.000539	0	1.73e-05	0	6.27e-06	0	0	3.9	8.26	3.9	7.66	11.3	8.16	None	12.4	1.09	7.41e-09	9.08e-10	0.00349
R148	3-6k	sorted	k<=5	plain	3,115	3054	129	1.47	6	4.45	1	6	4.45	3	2.88	5	2.99	0	0.00363	0.00489	0	3.62e-05	0	3.76e-05	0	0	5.16	7.21	5.16	6.96	9.37	7.11	None	10.5	1.12	3.24e-08	4.55e-09	0.00344
R149	3-6k	sorted	k<=5	plain	5,354	5435	158	1.58	46	39.4	1	46	39.4	23	27.1	8	10.3	0	0.0167	0.0196	0	0.000206	0	7.81e-05	0	0	67.4	88.5	67.4	73.4	88.4	88.4	None	72.9	0.824	7.79e-08	8.81e-10	0.00344
R150	3-6k	sorted	k<=5	plain	3,462	3449	137	1.2	11	13.8	1	11	13.8	13	7.02	2	3	0	0.0107	0.00854	0	0.000142	0	6.06e-05	0	0	7.16	10.7	7.16	9.41	14.5	10.6	None	15.3	1.06	9.09e-08	8.55e-09	0.00344
R151	3-6k	r>1.1	k=6	plain	3,435	3377	140	1.08	7	8.2	1	7	8.2	5	4.49	1	0.951	0	0.00479	0.00409	0	6.39e-05	0	1.35e-05	0	0	5.95	8.77	5.95	7.28	14.1	8.67	None	14.9	1.06	3.09e-08	3.57e-09	0.00344
R152	3-6k	sorted	k>=7	plain	5,531	5451	163	1.12	36	60.3	1	36	60.3	27	30.3	5	2.3	0	0.0182	0.0109	0	0.00032	0	2.42e-05	0	0	51.5	101	51.5	55.8	101	101	None	81.9	0.809	6.04e-08	5.97e-10	0.0034
R153	3-6k	sorted	k<=5	plain	5,052	4808	164	1.32	7	17.4	1	7	17.4	6	3.19	5	1.65	0	0.00712	0.00287	0	6.75e-05	0	3.49e-05	0	0	24.3	69.6	24.3	40.8	69.5	69.5	None	59.2	0.852	3.2e-08	4.6e-10	0.00344
R154	3-6k	r<=1.1	k=6	plain	5,692	6112	167	1.23	69	32	1	69	32	40	42.7	14	8.07	1	0.0101	0.0217	0	0.00013	0	2.44e-05	0	0	103	114	103	68.7	114	114	None	90.7	0.796	3.4e-08	2.98e-10	0.00347
R155	3-6k	sorted	k=6	plain	5,139	5368	160	1.18	84	59	1	84	59	65	61.8	15	10.8	0	0.0264	0.0376	0	0.000404	0	7.07e-05	0	0	55.9	74.7	55.9	44.8	74.6	74.6	None	62.9	0.844	1.28e-07	1.72e-09	0.00351
R156	6-12k	sorted	k<=5	plain	6,297	6705	172	1.38	100	34.3	1	100	34.3	50	50.5	27	19.5	0	0.0122	0.0356	0	0.000128	0	4.95e-05	0	0	154	173	154	117	173	173	None	130	0.752	4.89e-08	2.83e-10	0.043
R157	3-6k	sorted	k<=5	plain	3,325	3385	155	1.24	3	1.63	1	3	1.63	0	1.46	2	0.754	0	0.000836	0.00154	0	8.48e-06	0	4.37e-06	0	0	3.78	6.16	3.78	5.07	12.3	6.06	None	13.3	1.08	4.69e-09	7.74e-10	0.00344
R158	3-6k	sorted	k<=5	plain	4,103	3927	145	1.23	15	28.2	1	15	28.2	3	8.66	6	4.05	0	0.0189	0.0101	0	0.000227	0	0.000106	0	0	13.8	25.6	13.8	20.4	29.4	25.5	None	28.1	0.958	1.37e-07	5.37e-09	0.00344
R159	3-6k	sorted	k<=5	plain	4,150	4202	150	1.08	11	10.7	1	11	10.7	4	3.74	4	2.56	0	0.00562	0.00575	0	3.98e-05	0	2.72e-05	0	0	18.9	24.1	18.9	15.5	30.8	24	None	29.3	0.952	3.29e-08	1.37e-09	0.00344
R160	3-6k	sorted	k=6	plain	4,913	5016	151	1.08	84	74.8	1	84	74.8	39	51.8	10	10.5	0	0.0387	0.0434	0	0.000496	0	0.0001	0	0	50	60.9	50	36.8	61.9	60.8	None	53.6	0.866	2.22e-07	3.65e-09	0.00351
R161	3-6k	sorted	k<=5	plain	3,070	3025	125	1.34	3	6.27	1	3	6.27	0	1.46	1	1.51	0	0.00581	0.00278	0	5.89e-05	0	6.1e-05	0	0	5.72	6.51	5.72	6.32	8.83	6.41	None	9.98	1.13	5.88e-08	9.16e-09	0.00344
R162	3-6k	r<=1.1	k<=5	plain	4,140	4113	150	1.23	14	13.6	1	14	13.6	6	7.49	2	3.47	0	0.00775	0.00796	0	8.62e-05	0	3.99e-05	0	0	13.2	25.3	13.2	18.2	30.5	25.2	None	29	0.954	4.84e-08	1.92e-09	0.00349
R163	3-6k	r<=1.1	k=6	plain	5,130	5112	154	1.3	34	36.1	1	34	36.1	33	26.3	3	4.23	0	0.0135	0.0127	0	0.000217	0	3.49e-05	0	0	47.6	74.1	47.6	55.1	74	74	None	62.5	0.845	5.43e-08	7.34e-10	0.00347
R164	6-12k	r<=1.1	k=6	plain	6,043	6206	162	1.09	166	102	1	166	102	84	90.7	22	19.3	0	0.0413	0.0671	0	0.00047	0	9.95e-05	0	0	139	146	139	87.4	146	146	None	112	0.77	1.86e-07	1.27e-09	0.0385
R165	3-6k	r>1.1	k=6	plain	3,216	3286	140	1.07	3	3.15	1	3	3.15	1	1.45	1	0.419	0	0.00154	0.00147	0	1.54e-05	0	4.46e-06	0	0	5.67	5.95	5.67	5.32	10.7	5.85	None	11.8	1.1	8.12e-09	1.39e-09	0.00344
R166	3-6k	r<=1.1	k=6	plain	5,994	6474	166	1.18	171	70.6	1	171	70.6	99	101	27	20.9	0	0.0239	0.058	0	0.000293	0	6.07e-05	0	0	156	141	156	88.1	141	141	None	109	0.773	8.83e-08	6.26e-10	0.00347
R167	3-6k	sorted	k<=5	plain	5,556	5505	153	1.22	108	127	1	108	127	63	62.4	20	24.2	0	0.072	0.0614	0	0.000867	0	0.000335	0	0	84.4	103	84.4	81.6	103	103	None	83.2	0.807	4.55e-07	4.42e-09	0.00344
R168	6-12k	sorted	k=6	dfirst	9,887	10143	189	1.31	441	369	9	49	41	180	280	90	42	0	0.0864	0.103	0	0.00114	0	0.000171	0	0	663	778	1,027	1,062	1,122	1,122	549	654	0.583	2.25e-07	3.44e-10	0.0407
R169	3-6k	r<=1.1	k>=7	plain	4,241	4088	159	1.04	2	6.28	1	2	6.28	1	1.01	0	0.123	0	0.00178	0.000566	0	1.87e-05	0	2.26e-06	0	0	10.9	25.3	10.9	13.8	33.7	25.2	None	31.7	0.941	5.5e-09	2.18e-10	0.00356
R170	3-6k	sorted	k<=5	plain	5,162	5369	152	1.32	121	63.6	1	121	63.6	53	70.2	34	28.8	0	0.0334	0.0636	0	0.000404	0	0.000165	0	0	72.1	76.1	72.1	60.7	76	76	None	63.9	0.842	1.92e-07	2.53e-09	0.00344
R171	3-6k	sorted	k<=5	plain	5,598	5388	152	1.45	62	83.7	1	62	83.7	42	41	10	13.4	0	0.0412	0.0305	0	0.000568	0	0.000185	0	0	68.5	106	68.5	96.6	106	106	None	85.5	0.804	2.26e-07	2.12e-09	0.00344
R172	3-6k	sorted	k=6	plain	4,891	4598	151	1.3	20	57	1	20	57	16	18.2	3	2.62	0	0.0266	0.00935	0	0.000504	0	7.25e-05	0	0	23.7	60.1	23.7	45.4	60.8	60	None	52.7	0.868	1.34e-07	2.24e-09	0.00351
R173	3-6k	sorted	k<=5	plain	4,234	4505	149	1.17	38	15.6	1	38	15.6	16	17.1	8	9.57	0	0.00853	0.0208	0	7.99e-05	0	4.47e-05	0	0	28	27.8	28	18.7	33.4	27.7	None	31.5	0.942	5.1e-08	1.84e-09	0.00344
R174	3-6k	sorted	k=6	plain	3,724	3817	136	1.12	54	47	1	54	47	35	45.5	6	8.61	0	0.0357	0.041	0	0.000626	0	0.000118	0	0	14.4	15.7	14.4	13.1	19.6	15.6	None	19.9	1.01	2.92e-07	1.88e-08	0.00351
R175	3-6k	r<=1.1	k<=5	plain	5,971	6028	158	1.32	84	73.4	1	84	73.4	51	45.2	11	17.5	0	0.0314	0.0359	0	0.000351	0	0.000136	0	0	121	139	121	110	139	139	None	108	0.775	1.51e-07	1.08e-09	0.00349
R176	3-6k	r>1.1	k<=5	plain	3,114	3062	158	1.22	1	0.565	1	1	0.565	1	0.399	0	0.256	0	0.000252	0.000445	0	2.09e-06	0	1.34e-06	0	0	2.07	3.55	2.07	3.19	9.36	3.45	None	10.5	1.12	1.23e-09	3.55e-10	0.00329
R177	3-6k	r<=1.1	k<=5	plain	4,731	4922	155	1.31	37	20.6	1	37	20.6	22	19.6	8	8.55	0	0.00972	0.0174	0	0.000107	0	4.67e-05	0	0	40.4	50.8	40.4	35.6	52.9	50.7	None	46.8	0.884	4.99e-08	9.84e-10	0.00349
R178	3-6k	sorted	k<=5	plain	4,105	4184	147	1.09	14	14.6	1	14	14.6	1	5.51	2	3.3	0	0.00841	0.00809	0	6.88e-05	0	4.12e-05	0	0	17.7	23.4	17.7	16.1	29.4	23.3	None	28.2	0.958	5.42e-08	2.32e-09	0.00344
R179	3-6k	r>1.1	k=6	plain	4,205	4397	159	1.09	5	3.36	1	5	3.36	2	1.94	1	0.617	0	0.00102	0.00152	0	8.26e-06	0	2.62e-06	0	0	16.2	24.5	16.2	14	32.5	24.4	None	30.7	0.945	3.35e-09	1.37e-10	0.00344
R180	3-6k	r<=1.1	k=6	plain	4,977	5061	167	1.14	19	17.7	1	19	17.7	4	11.6	1	2.22	0	0.00655	0.00703	0	8.32e-05	0	1.59e-05	0	0	30.5	65	30.5	31.8	65.3	64.9	None	56.1	0.859	2.69e-08	4.15e-10	0.00347
R181	3-6k	sorted	k=6	plain	4,492	4502	147	1.1	56	54.7	1	56	54.7	35	37.2	9	7.66	0	0.0298	0.0306	0	0.000413	0	8.47e-05	0	0	29.5	38.5	29.5	25.5	42.7	38.4	None	38.9	0.911	1.78e-07	4.64e-09	0.00351
R182	3-6k	r<=1.1	k=6	plain	3,866	3807	149	1.09	13	9.05	1	13	9.05	12	7.16	1	1.74	0	0.0042	0.00604	0	4.82e-05	0	1.17e-05	0	0	9.48	16.2	9.48	11.3	22.9	16.1	None	22.7	0.991	2.11e-08	1.31e-09	0.00347
R183	3-6k	sorted	k<=5	plain	3,362	3162	135	1.25	3	12.4	1	3	12.4	3	2.03	0	0.847	0	0.00993	0.0024	0	0.00014	0	5.82e-05	0	0	3.84	9.59	3.84	8.7	12.9	9.49	None	13.8	1.07	8.56e-08	9.02e-09	0.00344
R184	3-6k	r>1.1	k>=7	plain	3,026	3028	138	1.2	3	2	1	3	2	2	3.39	0	0.218	0	0.000742	0.00111	0	1.75e-05	0	1.12e-06	0	0	3.22	4.72	3.22	4.57	8.32	4.62	None	9.48	1.14	2.96e-09	6.4e-10	0.00306
R185	3-6k	sorted	k<=5	plain	4,605	4627	155	1.16	20	22	1	20	22	8	9	1	4.81	0	0.0117	0.0107	0	0.00011	0	5.86e-05	0	0	24.1	43.1	24.1	26.1	47.4	43	None	42.5	0.898	6.96e-08	1.62e-09	0.00344
R186	3-6k	r<=1.1	k<=5	plain	3,820	3917	136	1.29	25	18	1	25	18	15	17.5	10	6.25	0	0.0124	0.0172	0	0.000181	0	6.45e-05	0	0	14.8	19	14.8	16.7	21.8	18.9	None	21.8	0.998	9.51e-08	5.02e-09	0.00349
R187	3-6k	r<=1.1	k<=5	plain	4,175	4230	157	1.12	9	8.85	1	9	8.85	1	3.38	1	2.19	0	0.00452	0.0046	0	3.53e-05	0	2.29e-05	0	0	13.5	24.3	13.5	14.9	31.5	24.2	None	29.9	0.949	2.58e-08	1.07e-09	0.00349
R188	3-6k	r<=1.1	k=6	plain	3,185	3104	137	1.13	3	6.72	1	3	6.72	4	2.29	1	0.449	0	0.00419	0.00187	0	6.65e-05	0	1.3e-05	0	0	3.16	6.14	3.16	5.63	10.3	6.04	None	11.4	1.11	2.82e-08	4.67e-09	0.00347
R189	3-6k	r>1.1	k<=5	plain	4,065	4023	164	1.31	2	2.69	1	2	2.69	0	0.861	0	0.472	0	0.00106	0.000786	0	9.47e-06	0	5.19e-06	0	0	8.59	20.4	8.59	12.5	28.3	20.3	None	27.2	0.964	4.54e-09	2.24e-10	0.00329
R190	3-6k	r>1.1	k<=5	plain	4,189	3934	153	1.55	1	4.76	1	1	4.76	3	0.556	0	0.22	0	0.00189	0.000398	0	2.19e-05	0	8.64e-06	0	0	11.2	28.1	11.2	21.8	32	28	None	30.3	0.947	8.24e-09	2.95e-10	0.00329
R191	3-6k	sorted	k>=7	plain	4,836	4742	154	1.07	60	57.7	1	60	57.7	32	45.3	4	4.13	0	0.0212	0.022	0	0.000334	0	3.03e-05	0	0	31.2	55.8	31.2	31.7	58	55.7	None	50.6	0.873	8.39e-08	1.51e-09	0.0034
R192	3-6k	r>1.1	k=6	plain	4,184	4275	150	1.21	22	13.9	1	22	13.9	10	15.8	2	3.06	0	0.00615	0.0097	0	9.21e-05	0	1.78e-05	0	0	18.2	26.7	18.2	19	31.8	26.6	None	30.2	0.948	2.92e-08	1.1e-09	0.00344
R193	3-6k	r<=1.1	k<=5	plain	3,920	4003	156	1.3	13	3.98	1	13	3.98	3	6.85	4	3	0	0.0019	0.00621	0	2.09e-05	0	9.12e-06	0	0	10.2	17.4	10.2	11.9	24.3	17.3	None	23.9	0.984	1.01e-08	5.84e-10	0.00349
R194	3-6k	r<=1.1	k<=5	plain	4,173	4026	144	1.16	20	22	1	20	22	6	9.23	6	5.17	0	0.0132	0.012	0	0.000126	0	7.07e-05	0	0	19.6	26.9	19.6	19.9	31.5	26.8	None	29.9	0.949	8.62e-08	3.22e-09	0.00349
R195	3-6k	r>1.1	k<=5	plain	3,124	3038	142	1.21	2	1.29	1	2	1.29	2	0.861	0	0.527	0	0.000658	0.00102	0	5.89e-06	0	3.61e-06	0	0	3.02	5.03	3.02	4.66	9.49	4.93	None	10.6	1.12	3.62e-09	7.34e-10	0.00329
R196	3-6k	r>1.1	k<=5	plain	3,094	3147	137	1.18	2	2.51	1	2	2.51	2	1.09	0	0.495	0	0.00159	0.00127	0	1.81e-05	0	8.18e-06	0	0	4.49	5.27	4.49	4.98	9.13	5.17	None	10.3	1.12	1.13e-08	2.19e-09	0.00329
R197	3-6k	r<=1.1	k=6	plain	4,432	4589	148	1.37	31	17	1	31	17	20	27.4	5	3.87	0	0.00684	0.0125	0	0.000126	0	1.77e-05	0	0	31.5	37.9	31.5	30.4	40.4	37.8	None	37.1	0.918	2.96e-08	7.83e-10	0.00347
R198	3-6k	r>1.1	k<=5	plain	3,219	3113	150	1.22	0	1.24	1	0	1.24	0	0	0	0	0	0.000649	0	0	6.48e-06	0	3.33e-06	0	0	2.42	5.12	2.42	4.45	10.7	5.02	None	11.8	1.1	3.76e-09	7.49e-10	0.00329
R199	3-6k	sorted	k<=5	plain	3,300	3378	131	1.26	19	15.4	1	19	15.4	14	14	5	5.43	0	0.0134	0.0165	0	0.000205	0	7.94e-05	0	0	8.1	9.42	8.1	8.81	11.9	9.32	None	12.9	1.08	1.26e-07	1.35e-08	0.00344
R200	3-6k	r<=1.1	k<=5	plain	4,252	4232	156	1.12	10	11	1	10	11	2	3.81	4	2.43	0	0.00568	0.00517	0	4.5e-05	0	2.87e-05	0	0	14.4	27.2	14.4	16.6	34	27.1	None	32	0.939	3.28e-08	1.21e-09	0.00349
R201	3-6k	r<=1.1	k<=5	plain	3,424	3395	151	1.16	2	1.8	1	2	1.8	0	0.709	0	0.535	0	0.000844	0.000936	0	6.22e-06	0	4.7e-06	0	0	5.35	7.52	5.35	5.96	13.9	7.42	None	14.7	1.06	4.31e-09	5.81e-10	0.00349
R202	3-6k	sorted	k=6	plain	4,744	4985	160	1.06	41	26.2	1	41	26.2	18	19.4	6	5.02	0	0.0114	0.0179	0	0.000112	0	2.9e-05	0	0	35.5	49.7	35.5	25.5	53.5	49.6	None	47.3	0.883	5.52e-08	1.11e-09	0.00351
R203	6-12k	sorted	k<=5	plain	6,456	6550	163	1.8	77	54.1	1	77	54.1	44	43	16	15.5	0	0.0182	0.0259	0	0.000212	0	7.64e-05	0	0	180	192	180	165	192	192	None	142	0.742	6.71e-08	3.5e-10	0.043
R204	24-45k	r>1.1	k=6	dfirst	40,922	40994	351	1.39	0	915	672	0	1.36	0	0	0	0	0	3.06e-05	0	0	9.74e-08	0	3.39e-08	0	0	209	719	114,731	1,015,398	402,720	402,720	32,768	105,012	0.261	8.71e-09	8.29e-14	0.127
R205	3-6k	r<=1.1	k<=5	plain	4,333	4474	151	1.16	19	13.5	1	19	13.5	6	8.79	1	4.36	0	0.00699	0.00985	0	6.73e-05	0	3.33e-05	0	0	23.9	31.3	23.9	20.4	36.8	31.2	None	34.2	0.929	4.09e-08	1.31e-09	0.00349
R206	3-6k	r<=1.1	k<=5	plain	4,726	4613	168	1.21	7	7.13	1	7	7.13	2	2.76	3	1.57	0	0.00279	0.00274	0	2.29e-05	0	1.3e-05	0	0	15.8	48.6	15.8	24.9	52.7	48.5	None	46.7	0.885	1.21e-08	2.5e-10	0.00349
R207	3-6k	r<=1.1	k=6	plain	4,113	3992	155	1.14	10	15	1	10	15	5	7	2	1.36	0	0.0076	0.00505	0	0.000111	0	2.14e-05	0	0	10.7	22.7	10.7	14.5	29.7	22.6	None	28.4	0.957	4.27e-08	1.89e-09	0.00347
R208	3-6k	r<=1.1	k<=5	plain	5,446	5413	154	1.41	60	49.9	1	60	49.9	31	36.2	18	12.9	0	0.023	0.0276	0	0.000289	0	0.000102	0	0	69.1	95	69.1	80.1	94.9	94.9	None	77.5	0.817	1.17e-07	1.24e-09	0.00349
R209	3-6k	r>1.1	k=6	plain	3,455	3325	139	1.14	5	10.2	1	5	10.2	6	3.62	0	0.764	0	0.00599	0.00294	0	9.04e-05	0	1.9e-05	0	0	6.39	9.86	6.39	8.42	14.4	9.76	None	15.2	1.06	3.79e-08	3.89e-09	0.00344
R210	3-6k	r<=1.1	k=6	plain	3,266	3027	172	1.1	0	0.625	1	0	0.625	0	0	0	0	0	0.00023	0	0	2.2e-06	0	6.35e-07	0	0	1.2	3.85	1.2	3.01	11.4	3.75	None	12.5	1.09	9.32e-10	2.48e-10	0.00347
R211	3-6k	r<=1.1	k=6	plain	5,253	5226	161	1.23	24	32.2	1	24	32.2	13	15.9	2	3	0	0.0115	0.00854	0	0.000159	0	2.97e-05	0	0	49.1	81.8	49.1	51.8	81.7	81.7	None	68.1	0.833	4.39e-08	5.38e-10	0.00347
R212	6-12k	r<=1.1	k<=5	plain	7,251	6972	175	1.35	58	88.2	1	58	88.2	30	28.1	16	11.2	0	0.0305	0.02	0	0.000307	0	0.000122	0	0	174	311	174	234	310	310	None	216	0.694	1.17e-07	3.77e-10	0.0473
R213	3-6k	r>1.1	k=6	plain	4,895	4871	161	1.15	15	13.6	1	15	13.6	10	7.79	2	1.84	0	0.00449	0.00495	0	4.86e-05	0	1.15e-05	0	0	27.5	59.4	27.5	30.7	61	59.3	None	52.9	0.867	1.61e-08	2.72e-10	0.00344
R214	3-6k	r<=1.1	k=6	plain	3,584	3419	146	1.16	2	7.53	1	2	7.53	0	1.5	0	0.287	0	0.00398	0.00106	0	6.2e-05	0	1.18e-05	0	0	5.09	11.2	5.09	8.93	16.8	11.1	None	17.4	1.03	2.3e-08	2.07e-09	0.00347
R215	3-6k	r<=1.1	k<=5	plain	3,910	4099	151	1.29	12	5.64	1	12	5.64	4	6.58	2	2.84	0	0.00289	0.00614	0	3.3e-05	0	1.42e-05	0	0	13.9	18.3	13.9	13.4	24.1	18.2	None	23.7	0.985	1.64e-08	9.03e-10	0.00349
R216	3-6k	r<=1.1	k<=5	plain	4,028	3819	156	1.24	2	4.81	1	2	4.81	0	0.845	1	0.502	0	0.00214	0.000892	0	1.89e-05	0	1.12e-05	0	0	6.03	20.5	6.03	13.8	27.2	20.4	None	26.3	0.969	1.05e-08	5.12e-10	0.00349
R217	3-6k	r<=1.1	k<=5	plain	3,538	3517	137	1.22	13	12.6	1	13	12.6	9	8.51	2	3.37	0	0.00935	0.00966	0	0.000127	0	5.04e-05	0	0	8.76	12.3	8.76	10.8	15.9	12.2	None	16.6	1.04	7.72e-08	6.32e-09	0.00349
R218	3-6k	sorted	k<=5	plain	4,871	4935	143	1.28	128	107	1	128	107	62	84.2	32	31.9	0	0.0698	0.0838	0	0.000955	0	0.000361	0	0	59.8	59.5	59.8	53.3	59.8	59.4	None	52	0.87	5e-07	8.41e-09	0.00344
R219	3-6k	r<=1.1	k=6	plain	3,327	3214	152	1.05	1	1.79	1	1	1.79	0	0.407	0	0.128	0	0.0008	0.000447	0	6.77e-06	0	2.13e-06	0	0	2.86	5.68	2.86	4.56	12.3	5.58	None	13.3	1.08	4.04e-09	7.24e-10	0.00347
R220	3-6k	r<=1.1	k=6	plain	5,936	5810	161	1.11	45	78	1	45	78	27	24.4	3	5.22	0	0.0291	0.0168	0	0.000329	0	7.02e-05	0	0	80.6	136	80.6	80.2	136	136	None	105	0.778	1.21e-07	8.91e-10	0.00347
R221	3-6k	r>1.1	k=6	plain	3,343	3548	143	1.09	16	3.83	1	16	3.83	6	9.65	3	2.15	0	0.00196	0.0082	0	2.46e-05	0	5.47e-06	0	0	7.23	6.95	7.23	5.82	12.6	6.85	None	13.5	1.08	1.12e-08	1.63e-09	0.00344
R222	3-6k	sorted	k<=5	plain	5,488	5386	155	1.32	78	86.7	1	78	86.7	38	47.9	16	17.4	0	0.0456	0.041	0	0.000584	0	0.000212	0	0	69.2	98	69.2	80.5	97.9	97.9	None	79.6	0.813	2.67e-07	2.73e-09	0.00344
R223	6-12k	r<=1.1	k=6	plain	7,446	7469	182	1.13	122	105	1	122	105	48	58.6	20	13.4	0	0.0303	0.0351	0	0.000303	0	6.92e-05	0	0	226	347	226	193	347	347	None	237	0.684	9.56e-08	2.76e-10	0.0385
R224	3-6k	sorted	k=6	plain	5,121	5069	146	1.3	153	119	1	153	119	141	150	24	20	1	0.0602	0.0773	0	0.00123	0	0.000164	0	0	60.7	73.6	60.7	64.1	73.5	73.5	None	62.2	0.845	3.27e-07	4.45e-09	0.00351
R225	3-6k	r<=1.1	k=6	plain	3,433	3386	136	1.27	11	9.9	1	11	9.9	8	11.1	1	1.56	0	0.00573	0.00636	0	0.00012	0	1.68e-05	0	0	6.6	11.2	6.6	10.2	14	11.1	None	14.9	1.06	3.57e-08	3.23e-09	0.00347
R226	3-6k	sorted	k=6	plain	3,775	3755	141	1.06	14	24.2	1	14	24.2	5	8.6	0	2	0	0.0157	0.00905	0	0.0002	0	4.63e-05	0	0	10.4	15.2	10.4	11.6	20.8	15.1	None	20.9	1	1.12e-07	7.39e-09	0.00351
R227	3-6k	sorted	k<=5	plain	4,914	5116	149	1.18	83	60.9	1	83	60.9	42	44.9	19	19.3	1	0.0363	0.0494	0	0.000408	0	0.000175	0	0	55.9	61.3	55.9	42.3	62	61.2	None	53.6	0.865	2.42e-07	3.95e-09	0.00344
R228	3-6k	sorted	k=6	plain	4,081	4099	144	1.21	35	28.1	1	35	28.1	23	32.3	4	4.9	0	0.0161	0.0201	0	0.00031	0	4.68e-05	0	0	15.8	24.3	15.8	18.7	28.7	24.2	None	27.6	0.961	1.01e-07	4.19e-09	0.00351
R229	3-6k	sorted	k=6	plain	5,606	5469	157	1.17	74	122	1	74	122	56	55.6	10	9.29	0	0.0557	0.0339	0	0.000871	0	0.000145	0	0	66.7	107	66.7	70.4	107	107	None	85.9	0.803	2.83e-07	2.65e-09	0.00351
R230	3-6k	r<=1.1	k<=5	plain	4,614	4557	150	1.71	12	12.6	1	12	12.6	8	7.18	2	2.7	0	0.00521	0.00497	0	6.49e-05	0	2.44e-05	0	0	30.1	46.1	30.1	37.7	47.7	46	None	42.8	0.897	2.36e-08	5.13e-10	0.00349
R231	3-6k	sorted	k=6	plain	4,947	5160	166	1.07	26	18.6	1	26	18.6	9	13.1	6	2.9	0	0.0073	0.0102	0	7.68e-05	0	1.69e-05	0	0	37.1	62.7	37.1	27.8	63.7	62.6	None	54.9	0.862	3.23e-08	5.16e-10	0.00351
R232	3-6k	sorted	k>=7	plain	4,896	4785	156	1.08	34	56.3	1	34	56.3	27	26.2	1	2.31	0	0.0201	0.0121	0	0.000322	0	2.82e-05	0	0	30.2	59.6	30.2	33.1	61	59.5	None	52.9	0.867	7.7e-08	1.29e-09	0.0034
R233	3-6k	r<=1.1	k<=5	plain	5,429	5502	158	1.31	46	45.4	1	46	45.4	16	22.2	10	10.8	0	0.0199	0.0201	0	0.0002	0	9.72e-05	0	0	70.9	93.7	70.9	68.3	93.6	93.6	None	76.6	0.818	9.49e-08	1.01e-09	0.00349
R234	6-12k	r>1.1	k=6	plain	6,558	6493	175	1.16	34	44.3	1	34	44.3	10	17.7	5	3.83	0	0.0128	0.00985	0	0.000139	0	3e-05	0	0	107	205	107	113	205	205	None	151	0.735	4.07e-08	1.99e-10	0.0102
R235	3-6k	sorted	k<=5	plain	4,176	3794	141	1.29	11	39.7	1	11	39.7	16	7.29	2	2.9	0	0.0273	0.00757	0	0.000376	0	0.00015	0	0	9.88	29.2	9.88	25.1	31.6	29.1	None	30	0.949	2.05e-07	7.05e-09	0.00344
R236	3-6k	r<=1.1	k>=7	plain	3,000	3057	149	1.06	0	1.95	1	0	1.95	0	0	0	0	0	0.000784	0	0	1.13e-05	0	1.2e-06	0	0	2.71	3.01	2.71	2.91	8.03	2.91	None	9.19	1.14	3.4e-09	1.17e-09	0.00356
R237	3-6k	sorted	k<=5	plain	4,120	4063	154	1.17	4	10.7	1	4	10.7	4	1.85	3	0.98	0	0.00594	0.00222	0	5.73e-05	0	3.03e-05	0	0	12.5	23.2	12.5	15.2	29.9	23.1	None	28.6	0.956	3.66e-08	1.58e-09	0.00344
R238	3-6k	sorted	k<=5	plain	3,458	3316	153	1.46	0	1.82	1	0	1.82	0	0	0	0	0	0.000811	0	0	8.35e-06	0	4.43e-06	0	0	3.82	9.69	3.82	8.18	14.5	9.59	None	15.3	1.06	3.84e-09	4.01e-10	0.00344
R239	3-6k	r<=1.1	k>=7	plain	4,749	4924	160	1.04	28	26.3	1	28	26.3	8	15.5	1	1.72	0	0.00854	0.00911	0	9.86e-05	0	1.09e-05	0	0	34.7	49.9	34.7	24.9	53.8	49.8	None	47.5	0.882	3.07e-08	6.17e-10	0.00356
R240	3-6k	r<=1.1	k<=5	plain	3,960	4195	138	1.2	58	27.2	1	58	27.2	41	34.1	11	15.3	0	0.0189	0.0403	0	0.000231	0	0.000103	0	0	26.3	21.9	26.3	18.3	25.4	21.8	None	24.8	0.978	1.44e-07	6.58e-09	0.00349
R241	3-6k	sorted	k=6	plain	4,450	4303	143	1.21	31	62.2	1	31	62.2	22	28.7	12	4.26	0	0.0355	0.0177	0	0.000685	0	0.000101	0	0	22.2	38.3	22.2	29.7	41.1	38.2	None	37.6	0.915	2.19e-07	5.73e-09	0.00351
R242	3-6k	r>1.1	k=6	plain	3,256	3241	147	1.11	0	2.83	1	0	2.83	0	0	0	0	0	0.00145	0	0	1.93e-05	0	4.19e-06	0	0	3.38	5.74	3.38	4.94	11.3	5.64	None	12.3	1.09	8.26e-09	1.47e-09	0.00344
R243	3-6k	sorted	k=6	plain	3,983	4012	144	1.04	28	23.4	1	28	23.4	15	13.2	3	3.78	0	0.0134	0.0161	0	0.000132	0	3.77e-05	0	0	15.3	19.7	15.3	13.8	26	19.6	None	25.3	0.975	8.54e-08	4.36e-09	0.00351
R244	3-6k	sorted	k<=5	plain	5,108	5096	157	1.37	12	10.4	1	12	10.4	3	3.27	1	4.84	0	0.00415	0.00478	0	2.36e-05	0	3.49e-05	0	0	48.4	72.8	48.4	51.9	72.7	72.7	None	61.6	0.847	1.81e-08	2.49e-10	0.00344
R245	6-12k	sorted	k=6	plain	6,112	5975	173	1.05	28	36.6	1	28	36.6	13	10.7	1	2.88	0	0.0119	0.00912	0	9.48e-05	0	2.55e-05	0	0	64.8	153	64.8	72.2	153	153	None	117	0.765	4.45e-08	2.91e-10	0.0407
R246	3-6k	r<=1.1	k<=5	plain	4,486	4542	150	1.3	18	12.5	1	18	12.5	6	8.87	4	4.22	0	0.00562	0.00811	0	5.77e-05	0	2.74e-05	0	0	29.3	39.4	29.3	29.3	42.5	39.3	None	38.7	0.911	2.77e-08	7.05e-10	0.00349
R247	3-6k	r<=1.1	k=6	plain	4,257	4282	148	1.6	13	8.56	1	13	8.56	11	11.6	4	1.61	0	0.00305	0.00463	0	5.68e-05	0	7.86e-06	0	0	19.9	30.8	19.9	24.2	34.2	30.7	None	32.1	0.939	1.17e-08	3.81e-10	0.00347
R248	3-6k	r<=1.1	k=6	plain	4,693	4954	145	1.24	100	40.7	1	100	40.7	78	80.8	12	13.2	0	0.0185	0.0453	0	0.000311	0	5.05e-05	0	0	56.4	49.5	56.4	38.3	51.2	49.4	None	45.5	0.888	9.02e-08	1.82e-09	0.00347
R249	3-6k	sorted	k=6	plain	3,235	3125	130	1.44	8	9.55	1	8	9.55	9	9.3	0	1.2	0	0.00582	0.00488	0	0.000141	0	1.82e-05	0	0	5.07	8.14	5.07	7.62	11	8.04	None	12	1.1	3.71e-08	4.61e-09	0.00351
R250	3-6k	r>1.1	k>=7	plain	3,334	3299	140	1.08	6	4.77	1	6	4.77	6	5.14	0	0.405	0	0.00192	0.00241	0	3.42e-05	0	2.68e-06	0	0	4.78	7.31	4.78	6.25	12.4	7.21	None	13.4	1.08	8.42e-09	1.17e-09	0.00306
R251	3-6k	r<=1.1	k>=7	plain	5,058	5076	161	1.12	52	41.7	1	52	41.7	42	43.9	3	3.47	0	0.0133	0.0166	0	0.000233	0	1.83e-05	0	0	35.2	69.9	35.2	37.6	69.8	69.8	None	59.5	0.851	4.48e-08	6.42e-10	0.00356
R252	6-12k	r<=1.1	k=6	plain	7,002	7183	170	1.09	146	98.9	1	146	98.9	48	67	11	15.5	0	0.03	0.0443	0	0.000287	0	6.62e-05	0	0	226	269	226	158	269	269	None	190	0.708	1.01e-07	3.76e-10	0.0385
R253	3-6k	sorted	k<=5	plain	5,467	5558	165	1.15	40	33.3	1	40	33.3	15	14.9	12	9.1	0	0.0143	0.0171	0	0.000111	0	6.75e-05	0	0	57.7	96.5	57.7	52.1	96.4	96.4	None	78.6	0.815	6.8e-08	7.05e-10	0.00344
R254	3-6k	r<=1.1	k<=5	plain	3,890	3758	141	1.28	14	19.1	1	14	19.1	7	9.03	3	3.6	0	0.0127	0.00929	0	0.00017	0	6.77e-05	0	0	11.7	20.5	11.7	17.5	23.5	20.4	None	23.3	0.988	9.1e-08	4.47e-09	0.00349
R255	3-6k	sorted	k=6	plain	3,358	3332	134	1.16	22	23	1	22	23	16	21.7	1	3.51	0	0.0181	0.0173	0	0.000371	0	5.98e-05	0	0	6.81	9.34	6.81	8.42	12.8	9.24	None	13.7	1.07	1.53e-07	1.66e-08	0.00351
R256	3-6k	r<=1.1	k>=7	plain	4,858	4737	160	1.13	22	22.5	1	22	22.5	16	19.2	0	1.37	0	0.00653	0.00637	0	0.000119	0	8.41e-06	0	0	26.6	57.1	26.6	31.4	59.1	57	None	51.5	0.871	2.04e-08	3.57e-10	0.00356
R257	12-24k	r<=1.1	k=6	dfirst	15,490	16853	237	1.33	1426	771	31	46	24.9	372	542	124	120	0	0.00856	0.0158	0	6.77e-05	0	1.5e-05	0	0	502	528	7,302	8,866	7,201	7,201	2,928	3,254	0.452	1.27e-07	3.9e-11	0.249
R258	3-6k	r>1.1	k=6	plain	5,044	4821	162	1.25	5	13.5	1	5	13.5	4	3.37	1	0.577	0	0.00433	0.00161	0	6.08e-05	0	1.04e-05	0	0	27	69.2	27	39.5	69.1	69.1	None	58.9	0.853	1.54e-08	2.24e-10	0.00344
R259	3-6k	r>1.1	k<=5	plain	3,608	3576	138	1.33	10	6.46	1	10	6.46	5	6.05	4	2.46	0	0.00363	0.00562	0	4.57e-05	0	1.86e-05	0	0	9.85	14.4	9.85	12.8	17.2	14.3	None	17.8	1.03	2.21e-08	1.55e-09	0.00329
R260	3-6k	r<=1.1	k<=5	plain	3,487	3371	140	1.2	5	11	1	5	11	7	3.16	3	1.32	0	0.00836	0.00381	0	0.00011	0	4.6e-05	0	0	6.04	10.6	6.04	9.01	15	10.5	None	15.7	1.05	7.08e-08	6.77e-09	0.00349
R261	3-6k	sorted	k>=7	plain	3,670	3781	140	1.08	42	26.8	1	42	26.8	29	41.9	3	3.17	0	0.0135	0.0212	0	0.000281	0	2.11e-05	0	0	11.8	13.6	11.8	11	18.5	13.5	None	18.9	1.02	7.28e-08	5.39e-09	0.0034
R262	3-6k	r<=1.1	k=6	plain	3,558	3696	140	1.12	15	13.6	1	15	13.6	14	10.4	1	2.3	0	0.00825	0.00907	0	0.000119	0	2.63e-05	0	0	10.4	11.3	10.4	9.33	16.3	11.2	None	16.9	1.04	5.38e-08	4.79e-09	0.00347
R263	3-6k	sorted	k<=5	plain	4,734	4984	149	1.39	94	42.9	1	94	42.9	52	61	21	22.3	0	0.0238	0.0522	0	0.000321	0	0.000117	0	0	53.2	52.1	53.2	43.7	53.1	52	None	46.9	0.884	1.44e-07	2.78e-09	0.00344
R264	3-6k	r<=1.1	k<=5	plain	3,389	3476	151	1.42	3	1.45	1	3	1.45	0	1.81	0	0.68	0	0.000692	0.00144	0	8.7e-06	0	3.26e-06	0	0	4.76	8.15	4.76	6.88	13.3	8.05	None	14.2	1.07	3.72e-09	4.63e-10	0.00349
R265	3-6k	r<=1.1	k=6	plain	5,944	6178	167	1.12	74	61	1	74	61	35	38.7	11	8.9	0	0.0217	0.0263	0	0.000237	0	5.43e-05	0	0	104	136	104	75.8	136	136	None	106	0.777	8.46e-08	6.2e-10	0.00347
R266	6-12k	sorted	k<=5	plain	6,254	6231	167	1.15	48	59.3	1	48	59.3	17	18.5	10	10.1	0	0.0242	0.0196	0	0.000194	0	0.000106	0	0	127	168	127	100	168	168	None	127	0.755	1.11e-07	6.57e-10	0.043
R267	3-6k	sorted	k<=5	plain	4,212	4111	136	1.58	21	20.1	1	21	20.1	10	9.77	13	9.15	0	0.0131	0.0136	0	0.000126	0	0.000118	0	0	22.4	33.3	22.4	34.1	32.7	33.2	None	30.9	0.944	9.39e-08	2.83e-09	0.00344
R268	3-6k	r>1.1	k=6	plain	4,810	5054	158	1.17	39	17.4	1	39	17.4	21	23.1	12	4.89	0	0.00621	0.014	0	7.66e-05	0	1.62e-05	0	0	43.9	54.4	43.9	32.1	56.7	54.3	None	49.7	0.876	2.4e-08	4.41e-10	0.00344
R269	3-6k	r>1.1	k=6	plain	3,050	3099	135	1.09	1	5.7	1	1	5.7	0	0.748	0	0.14	0	0.00385	0.000675	0	5.99e-05	0	1.12e-05	0	0	4.16	4.62	4.16	4.43	8.59	4.52	None	9.74	1.13	2.89e-08	6.39e-09	0.00344
R270	3-6k	sorted	k=6	plain	4,583	4508	151	1.1	19	49.7	1	19	49.7	10	11.8	2	2.57	1	0.0255	0.00973	0	0.000329	0	7.13e-05	0	0	25.5	42.3	25.5	26.5	46.4	42.2	None	41.8	0.9	1.43e-07	3.38e-09	0.00351
R271	3-6k	r<=1.1	k<=5	plain	4,476	4586	152	1.15	15	17	1	15	17	5	5.84	4	3.71	0	0.00838	0.0074	0	6.78e-05	0	4.3e-05	0	0	30.4	37.3	30.4	23.8	42.1	37.2	None	38.4	0.912	4.52e-08	1.22e-09	0.00349
R272	6-12k	sorted	k<=5	dfirst	9,478	9740	190	1.2	325	207	5	65	41.4	65	105	50	58.7	0	0.0549	0.0862	0	0.00037	0	0.000206	0	0	654	750	823	724	942	942	489	562	0.597	1.64e-07	2.92e-10	0.043
R273	3-6k	r>1.1	k<=5	plain	4,335	4108	166	1.16	2	4.78	1	2	4.78	3	0.736	0	0.459	0	0.00201	0.00084	0	1.54e-05	0	9.58e-06	0	0	8.6	28.8	8.6	15.1	36.9	28.7	None	34.3	0.929	9.38e-09	3.27e-10	0.00329
R274	3-6k	sorted	k<=5	plain	4,564	4457	156	1.16	25	19.3	1	25	19.3	12	11.4	4	5.87	0	0.0103	0.0133	0	9.7e-05	0	5.01e-05	0	0	21	41	21	24.7	45.6	40.9	None	41.2	0.902	6.07e-08	1.48e-09	0.00344
R275	3-6k	r<=1.1	k<=5	plain	5,136	5034	155	1.38	41	39.4	1	41	39.4	27	23.4	17	9.44	0	0.0189	0.0196	0	0.000225	0	9.03e-05	0	0	43.1	74.5	43.1	56.5	74.4	74.4	None	62.8	0.844	9.74e-08	1.31e-09	0.00349
R276	3-6k	sorted	k=6	plain	3,948	3885	133	1.21	54	62.3	1	54	62.3	64	57.6	7	8.03	0	0.0443	0.0384	0	0.000983	0	0.000137	0	0	16.3	22.8	16.3	20.2	25	22.7	None	24.5	0.98	3.39e-07	1.5e-08	0.00351
R277	3-6k	sorted	k<=5	plain	3,208	3230	135	1.62	8	4.29	1	8	4.29	5	6.39	2	2.02	0	0.00274	0.00512	0	4.56e-05	0	1.44e-05	0	0	4.98	8.18	4.98	7.75	10.6	8.08	None	11.7	1.1	1.92e-08	2.38e-09	0.00344
R278	3-6k	r<=1.1	k=6	plain	4,343	4440	147	1.18	52	40.8	1	52	40.8	68	46.1	10	6.94	0	0.0231	0.0294	0	0.000426	0	6.38e-05	0	0	26.2	33.1	26.2	24.3	37.1	33	None	34.5	0.928	1.44e-07	4.35e-09	0.00347
R279	3-6k	r<=1.1	k<=5	plain	3,842	3755	156	1.3	2	4.24	1	2	4.24	0	1.04	1	0.485	0	0.00208	0.000982	0	2.25e-05	0	1.05e-05	0	0	6.93	15.7	6.93	11.2	22.4	15.6	None	22.3	0.995	1.12e-08	7.15e-10	0.00349
R280	3-6k	r<=1.1	k=6	plain	3,678	3862	148	1.05	6	5.48	1	6	5.48	2	2.79	2	0.729	0	0.00266	0.00291	0	2.57e-05	0	6.7e-06	0	0	9.98	11.7	9.98	8.42	18.7	11.6	None	19	1.02	1.46e-08	1.26e-09	0.00347
R281	3-6k	sorted	k<=5	plain	5,589	5643	156	1.42	71	76.4	1	71	76.4	31	41	17	16.5	0	0.0361	0.0336	0	0.000434	0	0.000174	0	0	88.3	106	88.3	91	106	106	None	85	0.805	1.84e-07	1.74e-09	0.00344
R282	3-6k	r>1.1	k=6	plain	3,344	3242	143	1.06	0	3.33	1	0	3.33	0	0	0	0	0	0.00163	0	0	1.61e-05	0	4.57e-06	0	0	4.27	6.84	4.27	5.69	12.6	6.74	None	13.5	1.08	8.85e-09	1.31e-09	0.00344
R283	3-6k	sorted	k<=5	plain	3,577	3511	131	1.53	13	20.1	1	13	20.1	10	11.5	2	3.37	0	0.0152	0.00986	0	0.000281	0	8.2e-05	0	0	10.2	14.5	10.2	13.3	16.6	14.4	None	17.2	1.04	1.26e-07	8.79e-09	0.00344
R284	3-6k	sorted	k=6	plain	3,997	4026	150	1.22	18	11.1	1	18	11.1	13	16.1	2	2.3	0	0.00557	0.00901	0	0.000104	0	1.47e-05	0	0	12	20.6	12	14.9	26.3	20.5	None	25.6	0.973	3.13e-08	1.52e-09	0.00351
R285	3-6k	r<=1.1	k=6	plain	3,868	3853	156	1.1	8	6.92	1	8	6.92	1	4.81	1	1.03	0	0.00323	0.00373	0	4.04e-05	0	8.65e-06	0	0	8.65	15	8.65	9.63	23	14.9	None	22.8	0.991	1.67e-08	1.13e-09	0.00347
R286	3-6k	r<=1.1	k<=5	plain	4,154	4064	147	1.21	9	14.4	1	9	14.4	3	4.51	3	2.23	0	0.00794	0.00496	0	8.28e-05	0	4.1e-05	0	0	13.8	25.9	13.8	18.7	30.9	25.8	None	29.4	0.952	4.77e-08	1.85e-09	0.00349
R287	3-6k	r>1.1	k=6	plain	4,498	4639	161	1.21	9	9.28	1	9	9.28	6	5.44	2	1.18	0	0.00326	0.00316	0	4.1e-05	0	8.84e-06	0	0	21.9	37.6	21.9	22.4	43	37.5	None	39.1	0.91	1.23e-08	3.28e-10	0.00344
R288	3-6k	r>1.1	k=6	plain	3,694	3467	157	1.23	0	2.17	1	0	2.17	0	0	0	0	0	0.000775	0	0	9.98e-06	0	2.15e-06	0	0	3.63	12	3.63	8.61	19	11.9	None	19.3	1.02	2.98e-09	2.51e-10	0.00344
R289	3-6k	r<=1.1	k<=5	plain	5,719	5775	158	1.14	50	51.3	1	50	51.3	15	19.1	8	10.8	0	0.022	0.0214	0	0.000175	0	9.85e-05	0	0	91	116	91	73	116	116	None	92.3	0.794	1.04e-07	8.99e-10	0.00349
R290	3-6k	sorted	k<=5	plain	4,349	4293	154	1.14	12	15	1	12	15	4	4.73	4	3.02	0	0.00771	0.00618	0	6.32e-05	0	4.04e-05	0	0	18.7	31.6	18.7	19.9	37.4	31.5	None	34.7	0.927	4.32e-08	1.37e-09	0.00344
R291	3-6k	r>1.1	k=6	plain	4,968	4888	155	1.39	16	22	1	16	22	11	12.6	2	1.97	0	0.0077	0.0056	0	0.000126	0	1.97e-05	0	0	35.4	64.7	35.4	47.5	64.9	64.6	None	55.8	0.86	2.9e-08	4.49e-10	0.00344
R292	3-6k	r<=1.1	k<=5	plain	3,306	3356	128	1.29	20	16.4	1	20	16.4	9	15.8	6	5.5	0	0.0142	0.0173	0	0.000233	0	8.08e-05	0	0	10.5	10.3	10.5	9.79	12	10.2	None	13	1.08	1.33e-07	1.31e-08	0.00349
R293	3-6k	r>1.1	k=6	plain	3,443	3181	146	1.08	4	2.87	1	4	2.87	1	1.92	0	0.542	0	0.00123	0.00171	0	1.23e-05	0	3.46e-06	0	0	3.09	8.02	3.09	6.38	14.2	7.92	None	15	1.06	5.75e-09	7.27e-10	0.00344
R294	3-6k	sorted	k=6	plain	4,935	4896	161	1.27	23	33.3	1	23	33.3	16	16	6	3.22	0	0.0131	0.00907	0	0.00019	0	3.81e-05	0	0	32.7	62.5	32.7	40.1	63.1	62.4	None	54.5	0.863	5.45e-08	8.74e-10	0.00351
R295	3-6k	r<=1.1	k=6	plain	3,656	3720	146	1.11	7	7.93	1	7	7.93	5	4.12	1	1.03	0	0.00396	0.0035	0	4.85e-05	0	1.21e-05	0	0	8.74	12	8.74	9.15	18.2	11.9	None	18.6	1.02	2.13e-08	1.79e-09	0.00347
R296	3-6k	r<=1.1	k<=5	plain	3,503	3339	130	1.26	16	25.6	1	16	25.6	8	12.1	3	4.39	0	0.0219	0.0137	0	0.000345	0	0.000125	0	0	8.61	13.5	8.61	12.7	15.3	13.4	None	16	1.05	2.05e-07	1.53e-08	0.00349
R297	3-6k	r<=1.1	k<=5	plain	5,514	5306	158	1.23	22	49.7	1	22	49.7	12	10.4	2	4.89	0	0.0225	0.00998	0	0.000222	0	0.000104	0	0	58.3	100	58.3	68	99.9	99.9	None	81	0.811	1.14e-07	1.14e-09	0.00349
R298	3-6k	sorted	k<=5	plain	4,811	4985	155	1.09	27	20.7	1	27	20.7	7	9.16	5	5.98	0	0.00967	0.0126	0	6.83e-05	0	4.45e-05	0	0	43.1	54.2	43.1	30.2	56.8	54.1	None	49.7	0.876	5.04e-08	9.3e-10	0.00344
R299	3-6k	r<=1.1	k=6	plain	5,062	5192	167	1.2	33	23.3	1	33	23.3	18	23.3	4	3.97	0	0.00897	0.0127	0	0.000132	0	2.24e-05	0	0	36	70.2	36	35.7	70.1	70.1	None	59.6	0.851	3.84e-08	5.47e-10	0.00347
R300	3-6k	r<=1.1	k>=7	plain	5,002	5178	161	1.06	57	38	1	57	38	29	35.3	5	3.78	0	0.0118	0.0177	0	0.000152	0	1.62e-05	0	0	43.4	66.8	43.4	32.4	66.7	66.7	None	57.1	0.857	3.89e-08	5.83e-10	0.00356
R301	6-12k	r<=1.1	k<=5	plain	6,711	6723	169	1.4	91	66.9	1	91	66.9	38	41.1	20	19.4	0	0.023	0.0312	0	0.000216	0	0.000102	0	0	173	225	173	182	225	225	None	163	0.726	8.55e-08	3.79e-10	0.0473
R302	3-6k	r<=1.1	k<=5	plain	5,694	5918	162	1.14	66	37.2	1	66	37.2	12	24	13	14.1	0	0.015	0.0266	0	0.000113	0	6.63e-05	0	0	97.2	114	97.2	67.3	114	114	None	90.8	0.796	6.7e-08	5.88e-10	0.00349
R303	3-6k	sorted	k=6	plain	5,072	5037	155	1.07	52	70.8	1	52	70.8	23	28.2	10	6.45	0	0.0341	0.0251	0	0.000385	0	8.79e-05	0	0	41.1	70.8	41.1	40.6	70.7	70.7	None	60.1	0.85	1.83e-07	2.59e-09	0.00351
R304	3-6k	r<=1.1	k=6	plain	3,169	3100	142	1.07	1	3.52	1	1	3.52	0	0.517	0	0.151	0	0.00189	0.000538	0	2.04e-05	0	5.93e-06	0	0	3.02	4.89	3.02	4.38	10.1	4.79	None	11.2	1.11	1.1e-08	2.29e-09	0.00347
R305	3-6k	r<=1.1	k=6	plain	3,803	3940	157	1.07	11	6.85	1	11	6.85	6	5.64	1	1.47	0	0.00334	0.00537	0	3.57e-05	0	9.27e-06	0	0	9.03	13.3	9.03	8.65	21.4	13.2	None	21.5	1	1.81e-08	1.37e-09	0.00347
R306	3-6k	r<=1.1	k=6	plain	4,847	4802	157	1.13	29	38.4	1	29	38.4	21	18.8	1	3.81	0	0.0176	0.0133	0	0.000237	0	4.79e-05	0	0	30.3	56.6	30.3	32.9	58.5	56.5	None	51.1	0.872	8.92e-08	1.58e-09	0.00347
R307	3-6k	sorted	k<=5	plain	4,642	4887	158	1.13	18	12.8	1	18	12.8	5	5.93	3	4.39	0	0.00557	0.00785	0	3.82e-05	0	2.82e-05	0	0	36.5	44.2	36.5	24.1	48.9	44.1	None	43.7	0.894	2.66e-08	6.02e-10	0.00344
R308	3-6k	sorted	k<=5	plain	5,024	5105	160	1.09	28	19.7	1	28	19.7	10	8.43	8	6.14	0	0.00834	0.0119	0	5.22e-05	0	3.8e-05	0	0	41.4	68	41.4	34.7	67.9	67.9	None	58.1	0.855	3.98e-08	5.86e-10	0.00344
R309	6-12k	r<=1.1	k=6	plain	6,217	6283	167	1.08	81	70.9	1	81	70.9	35	38.5	9	9.2	0	0.0252	0.0287	0	0.000249	0	5.93e-05	0	0	122	164	122	87.8	164	164	None	124	0.758	9.82e-08	5.98e-10	0.0385
R310	3-6k	r<=1.1	k<=5	plain	4,032	3831	149	1.58	3	3.63	1	3	3.63	1	1.44	0	0.73	0	0.00137	0.00113	0	1.37e-05	0	6.93e-06	0	0	10.6	24.1	10.6	20	27.3	24	None	26.4	0.968	5.48e-09	2.28e-10	0.00349
R311	3-6k	sorted	k<=5	plain	4,477	4599	167	1.21	12	5.89	1	12	5.89	5	5.14	2	2.63	0	0.00246	0.00502	0	2.2e-05	0	1.12e-05	0	0	18.6	35.4	18.6	18.5	42.1	35.3	None	38.4	0.912	1.15e-08	3.25e-10	0.00344
R312	3-6k	r<=1.1	k>=7	plain	4,090	4075	160	1.03	4	6.04	1	4	6.04	1	1.84	1	0.248	0	0.0018	0.00119	0	1.72e-05	0	2.32e-06	0	0	10.3	20.5	10.3	11.8	29	20.4	None	27.8	0.96	5.88e-09	2.89e-10	0.00356
R313	3-6k	r<=1.1	k=6	plain	4,560	4563	147	1.14	52	58.3	1	52	58.3	30	42.4	15	6.75	0	0.0329	0.0294	0	0.000558	0	8.86e-05	0	0	32.3	42.2	32.3	29.6	45.5	42.1	None	41.1	0.903	2.04e-07	4.84e-09	0.00347
R314	3-6k	r<=1.1	k=6	plain	3,795	3648	151	1.06	6	9.15	1	6	9.15	4	2.95	1	0.819	0	0.00466	0.00305	0	4.76e-05	0	1.32e-05	0	0	6.24	13.8	6.24	9.39	21.2	13.7	None	21.3	1	2.63e-08	1.92e-09	0.00347
R315	3-6k	r>1.1	k>=7	plain	3,707	3647	156	1.03	4	3.7	1	4	3.7	0	2.12	0	0.252	0	0.00125	0.00135	0	1.38e-05	0	1.63e-06	0	0	5.36	11	5.36	7.24	19.3	10.9	None	19.6	1.02	4.78e-09	4.4e-10	0.00306
R316	3-6k	r<=1.1	k=6	plain	4,730	4737	155	1.33	29	22.8	1	29	22.8	23	26	3	3.53	0	0.0095	0.0121	0	0.000177	0	2.4e-05	0	0	26.7	50.6	26.7	34.7	52.9	50.5	None	46.8	0.884	4.36e-08	8.63e-10	0.00347
R317	6-12k	r<=1.1	k=6	plain	6,035	6275	161	1.24	133	76.2	1	133	76.2	101	101	11	15.3	1	0.0285	0.0497	0	0.000451	0	6.81e-05	0	0	137	145	137	104	145	145	None	112	0.77	1.17e-07	8.03e-10	0.0385
R318	3-6k	r>1.1	k=6	plain	5,436	5553	168	1.16	27	26.7	1	27	26.7	22	15.6	3	3.21	0	0.00904	0.00915	0	0.000109	0	2.23e-05	0	0	49.4	94.2	49.4	49.2	94.1	94.1	None	76.9	0.817	3.35e-08	3.56e-10	0.00344
R319	3-6k	sorted	k<=5	plain	3,517	3557	146	1.12	17	5.68	1	17	5.68	16	7.85	4	4.22	0	0.00361	0.0108	0	3.47e-05	0	1.86e-05	0	0	4.36	9.44	4.36	7.43	15.5	9.34	None	16.2	1.05	2.56e-08	2.74e-09	0.00344
R320	3-6k	sorted	k=6	plain	4,772	4706	155	1.16	46	41.2	1	46	41.2	37	34.9	8	6.03	0	0.0202	0.0226	0	0.00032	0	5.51e-05	0	0	26.2	52.2	26.2	31.2	54.9	52.1	None	48.3	0.88	1.09e-07	2.09e-09	0.00351
R321	3-6k	sorted	k<=5	plain	4,697	4455	165	1.17	4	11	1	4	11	1	1.57	1	0.919	0	0.00479	0.00175	0	3.92e-05	0	2.29e-05	0	0	13.7	46.9	13.7	24.1	51.4	46.8	None	45.6	0.888	2.32e-08	4.96e-10	0.00344
